C/R,Product,Application,DTS #,Description,Status (6.07),Pri,Ass'd DTSs,Releases,PP Pack,Programs,Date Checked,6.07 Chg #,Due Date,To Be Shipped (6.07),Shipping Test,Shipping Live,LSS,CCD,MU2,Resp App,Comments
R,CS,ADM,6257,INFCE: Cancel SCH does not generate a message to OV,Completed,4,,"6.0C, 6.05C, 6.06C, 6.07C",0,"ADM.PAT.xo.format.hl7.comp, ADM.PAT.xo.format.hl722, ADM.PAT.xo.format.hl722.cm, ADM.PAT.xo.format.hl722.mtltc, ADM.PAT.xo.format.hl722.ptct",12/30/2014,ADM 33,11/10/2010,,Y,Y,,,,,
,CS,ADM,6322,INFCE: I10 ABS Diag Coding Method being incorreclty sent in HL7 messages,Completed,3,,"6.0C, 6.06C, 6.07C",1,"ADM.PAT.xo.format.hl7.comp, ADM.PAT.xo.format.hl7.insync, ADM.PAT.xo.format.hl7.maestro",12/30/2014,ADM 700,8/23/2010,,Y,Y,,,,,
,CS,ADM,6326,INFCE: Read in religion from PID|17 for ADT inbound interface,Completed,4,Y,"6.0C, 6.06C, 6.07C",1,ADM.PAT.xi.file.hl7.comp,12/30/2014,ADM 626,12/22/2010,,Y,Y,,,,,
,CS,ADM,6427,INFCE - Grouper Version not set up in DG1 Segment,Completed,4,,"6.0C, 6.05C, 6.06C, 6.07C",0,"ADM.PAT.xo.format.hl7.comp, ADM.PAT.xo.format.hl7.insync, ADM.PAT.xo.format.hl7.lss, ADM.PAT.xo.format.hl7.maestro",12/30/2014,ADM 55,3/8/2011,,Y,Y,Y,,,,
,CS,ADM,6462,(Inbound ADT) PCP incorrectly updated from ROL Segment,Completed,3,,"6.0C, 6.05C, 6.06C, 6.07C",0,ADM.PAT.xi.file.hl7.comp,12/30/2014,ADM 69,12/3/2010,,Y,Y,,,,,
,CS,ADM,6464,Outbound ADT interface not building ACC segment for US Facility,Completed,4,Y,"6.0C, 6.05C, 6.06C, 6.07C",0,ADM.PAT.xo.format.hl7.comp,12/30/2014,ADM 70,3/30/2011,,Y,Y,,,,,
,CS,ADM,6615,"INFCE: Queries can be added to OBX incorrectly, causing a crash.",Completed,3,,"6.0C, 6.06C, 6.07C",3,"ADM.PAT.xo.format.hl7.comp, ADM.PAT.xo.format.hl7.maestro",12/30/2014,ADM 874,2/7/2011,,Y,Y,,,,,
,CS,ADM,6651,INFCE: Not properly FAIL-READing when ADM.PAT.next.urn does not return a urn,Completed,5,Y,"6.0C, 6.07C",0,"ADM.PAT.xi.file.hl7.comp, ADM.PAT.xi.file.hl7.insync, ADM.PAT.xi.file.hl7.maestro",12/30/2014,ADM 153,12/25/2011,,Y,Y,,,,,
,CS,ADM,6694,A04 messages do not contain employer location on IN1.44.3 segment,Completed,4,,"6.0C, 6.05C, 6.06C, 6.07C, 6.1C, 6.12C, 6.13C",0,ADM.PAT.xo.format.hl7.lss,12/30/2014,ADM 176,7/27/2011,,Y,Y,Y,,,,
,CS,ADM,6866,Queries cannot be read from OBX|3,Rejected,3,,"6.0R, 6.05R, 6.07R, 6.1R, 6.13R",,,12/30/2014,,,,,,,,,,
,CS,ADM,6901,INFCE: Mult Acct Structures created if PtCT Insync re-sends Msg Incorrectly,Rejected,3,,"6.0R, 6.05R, 6.07R",,,12/30/2014,,,,,,,,,,
,CS,ADM,6902,Inbound ADT Bed Swap events are removing the patients' Accommodation Codes,Completed,3,,"6.0C, 6.07C",3,ADM.PAT.xi.file.hl7.comp,12/30/2014,ADM 876,7/12/2011,,Y,Y,,,,,
R,CS,ADM,6936,INFCE: Enhance performance by suppressing events at ADM Driver Level,Completed,3,,"6.0C, 6.05C, 6.06C, 6.07C",0,ADM.PAT.xo.driver,12/30/2014,ADM 292,8/1/2011,,Y,Y,,,,,
R,CS,ADM,6953,INFCE: CCD CONSUMER: XDS Request not sending correct assigning authority OID,Completed,3,Y,"6.0C, 6.05C, 6.06C, 6.07C",0,"ADM.PAT.xi.file.hl7.v3.ehr, ADM.PAT.xo.driver.ehr",12/30/2014,ADM 298,8/15/2011,,Y,Y,,Y,,,
C,CS,ADM,6980,Infce: PV1 & PID segments contain blank/invalid values for MERGEI/UNMERGEI,Completed,3,,"6.0C, 6.05C, 6.06C, 6.07C",0,ADM.PAT.xo.format.hl7.comp,12/30/2014,ADM 316,9/3/2011,,Y,Y,,,,,
C,CS,ADM,6984,ADM INFCE: Temp files left behind if message fails to initialize,Completed,3,,"6.0C, 6.05C, 6.06C, 6.07C",0,ADM.PAT.xo.driver,12/30/2014,ADM 319,9/5/2011,,Y,Y,,,,,
C,CS,ADM,7059,ADM: EVN.2 may display invalid date/time for outbound ADT,Completed,3,,"6.0C, 6.05C, 6.06C, 6.07C",0,ADM.PAT.xo.format.hl7.comp,12/30/2014,ADM 360,1/17/2012,,Y,Y,,,,,
,CS,ADM,7070,INFCE: Visit History Migration - Discharge Date for RCR Patients not Filing,Completed,3,,"6.0C, 6.05C, 6.06C, 6.07C",0,ADM.PAT.xi.file.hl7.comp.him.visit,12/30/2014,ADM 364,10/21/2011,,Y,Y,,,,,
,CS,ADM,7073,INFCE: Send Admit Diagnosis for ER Patients in DG1 Segment,Completed,3,Y,"6.0C, 6.05C, 6.06C, 6.07C",0,"ADM.PAT.xo.format.hl7.comp, ADM.PAT.xo.format.hl7.insync, ADM.PAT.xo.format.hl7.maestro",12/30/2014,ADM 365,10/21/2011,,Y,Y,,,,,
R,CS,ADM,7132,MAGIC Migration: ADM and MRI urns should not contain prefixes for DOT facility,Completed,3,,"6.0C, 6.05C, 6.06C, 6.07C",0,"ADM.PAT.xi.file.hl7.comp.him.visit, ADM.PAT.xi.file.hl7.comp.ini.load",12/30/2014,ADM 393,12/3/2011,,Y,Y,,,,,
R,CS,ADM,7160,INFCE: Home Care update messages inbound can overwrite MRI Demo Recall info,Completed,3,,"6.0C, 6.05C, 6.06C, 6.07C",0,ADM.PAT.xi.file.hl7.maestro,12/30/2014,ADM 398,1/14/2012,,Y,Y,,,,,
,CS,ADM,7180,INFCE: @ADM.PAT.admit.priority overwritten when PV1|4 is nil,Completed,3,,"6.0C, 6.05C, 6.06C, 6.07C",0,ADM.PAT.xi.file.hl7.comp,12/30/2014,ADM 408,1/14/2012,,Y,Y,,,,,
,CS,ADM,7181,INFCE: Limit the admit/service/discharge times to 4 digits,Completed,3,,"6.0C, 6.05C, 6.06C, 6.07C",0,ADM.PAT.xi.file.hl7.comp,12/30/2014,ADM 409,1/14/2012,,Y,Y,,,,,
C,CS,ADM,7194,INFCE: Wrong patient's MRN can be sent in the message,Completed,1,,"6.0C, 6.05C, 6.06C, 6.07C",0,ADM.PAT.xo.driver,12/30/2014,ADM 414,11/11/2011,,Y,Y,,,,,
C,CS,ADM,7223,INFCE: Resolve issues ADM formatter/driver issues associated with CS ADM 6921,Completed,3,,"6.0C, 6.05C, 6.06C, 6.07C",0,"ADM.PAT.xo.driver, ADM.PAT.xo.format.hl7.comp",12/30/2014,ADM 428,1/30/2012,,Y,Y,,,,,
,CS,ADM,7251,INFCE - ER Doctor is not filing correctly for discharge events,Completed,3,,"6.0C, 6.07C",3,ADM.PAT.xi.file.hl7.comp,12/30/2014,ADM 877,2/17/2012,,Y,Y,,,,,
,CS,ADM,7276,INSYNC ADM filer crashes Medical Record - mismatch error,Completed,3,,"6.0C, 6.05C, 6.06C, 6.07C",0,ADM.PAT.xi.file.hl7.insync,12/30/2014,ADM 444,2/28/2012,,Y,Y,,,,,
,CS,ADM,7293,INFCE - Trouble filtering messages by Account Number in IntMan,Completed,3,,"6.0C, 6.05C, 6.06C, 6.07C",0,ADM.PAT.xo.driver,12/30/2014,ADM 452,3/11/2012,,Y,Y,,,,,
R,CS,ADM,7298,Infce: Home Care Insync messages inbound can overwrite MRI Demo Recall info,Completed,3,,"6.0C, 6.05C, 6.06C, 6.07C",0,ADM.PAT.xi.file.hl7.insync,12/30/2014,ADM 455,3/11/2012,,Y,Y,,,,,
C,CS,ADM,7318,INFCE: SWAPADMIN A17 Message had Same EMR ID for Two Different Patients,Completed,3,,"6.0C, 6.05C, 6.06C, 6.07C",0,ADM.PAT.xo.format.hl7.comp,12/30/2014,ADM 462,3/25/2012,,Y,Y,,,,,
,CS,ADM,7328,INFCE: Inbound ADM msgs - Invalid Dates and Times can be sent by OV,Completed,3,,"6.0C, 6.07C",3,ADM.PAT.xi.file.hl7.comp,12/30/2014,ADM 878,3/27/2012,,Y,Y,,,,,
,CS,ADM,7334,Infce: XO driver removes entire retry queue for patient after 1st success.,Completed,3,,"6.0C, 6.06C, 6.07C",0,ADM.PAT.xo.driver,12/30/2014,ADM 469,4/1/2012,,Y,Y,,,,,
,CS,ADM,7348,"INFCE: Maestro, name checks failing due to case-sensitivity",Completed,3,,"6.0C, 6.07C, 6.1C, 6.13C, 6.14C",3,ADM.PAT.xi.file.hl7.maestro,12/30/2014,ADM 815,4/8/2012,,Y,Y,,,,,
,CS,ADM,7349,Infce: Events not placed on retry queue/Retry queue not processed sufficiently,Completed,3,Y,"6.0C, 6.06C, 6.07C",2,ADM.PAT.xo.driver,12/30/2014,ADM 765,4/16/2012,,Y,Y,,,,,
,CS,ADM,7387,MPM Integration: Confidential flag shared in wrong field,Completed,3,,"6.0C, 6.05C, 6.06C, 6.07C",0,ADM.PAT.xo.format.hl7.lss,12/30/2014,ADM 487,5/1/2012,,Y,Y,Y,,,,
C,CS,ADM,7399,INFCE: Undo Discharge (A13) overwriting Room/Bed Index and undoing Transfers,Completed,3,,"6.0C, 6.05C, 6.06C, 6.07C",0,"ADM.PAT.in.undo.dis, ADM.PAT.xi.file.hl7.comp, ADM.PAT.xi.file.hl7.insync, ADM.PAT.xi.file.hl7.maestro",12/30/2014,ADM 492,5/18/2012,,Y,Y,,,,,Partially ADM responsible.
,CS,ADM,7413,INFCE: Format the MRG Segment per HL7,Completed,3,,"6.0C, 6.05C, 6.06C, 6.07C",0,ADM.PAT.xo.format.hl7.comp,12/30/2014,ADM 497,5/20/2012,,Y,Y,,,,,
R,CS,ADM,7440,MPM Integ:MPM.MIS message generator should use MRI name for switch/Move acct,Completed,2,Y,"6.0C, 6.05C, 6.06C, 6.07C",0,ADM.PAT.xo.format.hl7.lss,12/30/2014,ADM 509,4/26/2012,,Y,Y,Y,,,,
C,CS,ADM,7444,INFCE: Discharge Date sent for IN Patients,Completed,3,,"6.0C, 6.05C, 6.06C, 6.07C",0,ADM.PAT.xo.format.hl7.comp,12/30/2014,ADM 511,6/4/2012,,Y,Y,,,,,
C,CS,ADM,7470,MPM Integration: Guar/Nok/Ptn Names from MT are being sent in wrong format,Completed,3,,"6.0C, 6.05C, 6.06C, 6.07C",0,ADM.PAT.xo.format.hl7.lss,12/30/2014,ADM 519,6/17/2012,,Y,Y,Y,,,,
,CS,ADM,7472,INFCE: Allow more than 3 characters for ADT Status Suppression,Completed,3,,"6.0C, 6.06C, 6.07C",3,ADM.PAT.xo.format.hl7.comp,12/30/2014,ADM 880,6/19/2012,,Y,Y,,,,,
,CS,ADM,7483,Filer mnemonic local not being correctly set up for inbound ADT,Completed,3,,"6.0C, 6.06C, 6.07C",0,"ADM.PAT.xi.file.hl7.comp, ADM.PAT.xi.file.hl7.comp.him.visit, ADM.PAT.xi.file.hl7.comp.ini.load",12/30/2014,ADM 522,6/25/2012,,Y,Y,,,,,
,CS,ADM,7610,ADMI: The ADMI interface will over-write existing data if the fields are blank,Completed,3,,"6.0C, 6.07C",3,ADM.PAT.xi.file.hl7.comp,12/30/2014,ADM 882,9/15/2012,,Y,Y,,,,,
,CS,ADM,7681,INFCE - Blank GT1 segments populate outbound ADT messages after ADM 6921,Completed,3,,"6.0C, 6.06C, 6.07C",3,ADM.PAT.xo.format.hl7.comp,12/30/2014,ADM 883,10/26/2012,,Y,Y,,,,,
C,CS,ADM,7700,INFCE: HL7 interface memory leak,Completed,3,,"6.0C, 6.06C, 6.07C, 6.1C, 6.13C, 6.14C",3,"ADM.PAT.xo.format.hl7.insync, ADM.PAT.xo.format.hl7.maestro",12/30/2014,ADM 884,10/29/2012,,Y,Y,,,,,
,CS,ADM,7725,INFCE: inbound ADT does not error for invalid acct and unit num lengths,Completed,3,,"6.0C, 6.07C",3,ADM.PAT.xi.file.hl7.comp,12/30/2014,ADM 885,11/23/2012,,Y,Y,,,,,
C,CS,ADM,7728,6.0 MPM: Bounce-back DRC transactions cause synch issues between MT and LSS,Completed,3,,"6.0C, 6.06C, 6.07C",1,ADM.PAT.xo.format.hl7.lss,12/30/2014,ADM 623,11/16/2012,,Y,Y,Y,,,,
,CS,ADM,7877,INFCE: ADT IN messages display time difference as timezone offset is cleared,Completed,3,,"6.0C, 6.07C",3,ADM.PAT.xi.file.hl7.comp,12/30/2014,ADM 886,1/28/2013,,Y,Y,,,,,
C,CS,ADM,7904,INFCE - Incorrect Account Number populates PID|18 for NMIDRCMR A08 messages,Completed,3,,"6.0C, 6.07C",3,ADM.PAT.xo.format.hl7.comp,12/30/2014,ADM 887,2/16/2013,,Y,Y,,,,,
,CS,ADM,7917,INFCE: ADT Inbound not looking at field PV1|3 for location for revisits,Completed,3,,"6.0C, 6.07C",3,ADM.PAT.xi.file.hl7.comp,12/30/2014,ADM 888,2/19/2013,,Y,Y,,,,,
,CS,ADM,7990,INFCE: inbound ADT should not generate errors if name differs only by case,Completed,3,,"6.0C, 6.07C",3,ADM.PAT.xi.file.hl7.comp,12/30/2014,ADM 889,4/16/2013,,Y,Y,,,,,
,CS,ADM,8017,INFCE - CCD Consumer PDQ Response messages fail due to invalid zip code,Completed,3,Y,"6.0C, 6.07C",3,ADM.PAT.xi.file.hl7.v3.ehr,12/30/2014,ADM 891,5/13/2013,,Y,Y,,Y,,,
R,CS,ADM,8196,INFCE: ADM Event Queue Auto Resetting,Completed,3,,"6.0C, 6.07C",3,ADM.PAT.xo.driver,12/30/2014,ADM 829,8/30/2013,,Y,Y,,,,,
C,CS,ADM,8228,RESUB - DTS ADM 7271 causes MRN to not be found from PID|3 in version 2.3,Completed,3,,"6.0C, 6.06C, 6.07C, 6.1C, 6.13C, 6.14C",3,"ADM.PAT.xi.file.hl7.comp, ADM.PAT.xi.file.hl7.lss",12/30/2014,ADM 821,9/15/2013,,Y,Y,Y,,,,
R,CS,ADM,8233,INFCE:Outbox:outbound ADT gens will crash if no ABS database on facility,Completed,3,,"6.0C, 6.07C",3,ADM.PAT.xo.format.hl7.comp,12/30/2014,ADM 890,9/29/2013,,Y,Y,,,,,
,CS,ADM,8302,Inbound ADT Interface Accepts Message Segments That Aren't Properly Configured,Rejected,3,,"6.0R, 6.07R",,,12/30/2014,,11/16/2013,,,,,,,,
,CS,ADM,8490,6.0 MIGRATE_IC Interface Not READ-WARNing When Providers Invalid,Rejected,3,,"6.0R, 6.07R",,,12/30/2014,,,,,,,,,,
,CS,ADM,8498,"INFCE - ""PRE"" patients do not trigger full CCD exchange",Rejected,3,,"6.07R, 6.13R",,,12/30/2014,,,,,,,Y,,,
,CS,ADM,8602,INFCE: Patient Identify Feed (PIF) not able to handle multiple databases,Rejected,3,,"6.07R, 6.1R, 6.15R",,,12/30/2014,,10/16/2014,,,,,Y,,,
,CS,ADM,8849,INFCE: Diag description doesn't populate when dx version doesn't exist in ADM,Rejected,3,,6.07R,,,12/30/2014,,,,,,,,,,
,CS,ADM,8983,Send Patient Language and Ethnicity in Outbound ADT Messages,Rejected,3,,6.07R,,,1/21/2015,,,,,,,,,,
C,CS,LAB,9025,LAB: LABRES interface sending incorrect abnormal flag,Completed,2,,"6.0C, 6.05C, 6.06C, 6.07C, 6.1C, 6.13C, 6.14C",0,"LAB.C.SPEC.xo.format.hl7.discres.comp, LAB.C.SPEC.xo.format.hl7.discres.nomen",12/30/2014,LAB 847,9/2/2012,,Y,Y,,,Y,,
,CS,LAB,9241,INFCE: NTE and OBX comments not always filing to LAB completely,Completed,3,Y,"6.0C, 6.07C, 6.1C, 6.13C, 6.14C",2,"LAB.L.SPEC.xi.file.res.hl7.comp, LAB.L.SPEC.xi.file.res.hl7.nomen, LAB.M.SPEC.xi.file.res.hl7.comp, LAB.M.SPEC.xi.file.res.hl7.nomen",12/30/2014,LAB 1107,8/14/2010,,Y,Y,,,,,
,CS,LAB,9316,LABRES: Result Copies To sent incorrectly for BBK/PTH,Completed,4,,"6.0C, 6.05C, 6.06C, 6.07C, 6.1C, 6.12C, 6.13C, 6.14C",0,"LAB.C.SPEC.xo.format.hl7.discres.comp, LAB.C.SPEC.xo.format.hl7.discres.mpm",12/30/2014,LAB 104,2/2/2011,,Y,Y,Y,,,,
,CS,LAB,9511,BBK Results: Abnormal result flag being sent in wrong field,Completed,3,,"6.0C, 6.05C, 6.06C, 6.07C, 6.1C, 6.12C, 6.13C, 6.14C",0,LAB.C.SPEC.xo.format.hl7.discres.mpm,12/30/2014,LAB 162,5/6/2011,,Y,Y,Y,,,,
,CS,LAB,9512,BBK Results: Antigen result is needed for BBK Results,Completed,3,,"6.0C, 6.05C, 6.06C, 6.07C, 6.1C, 6.12C, 6.13C, 6.14C",0,LAB.C.SPEC.xo.format.hl7.discres.mpm,12/30/2014,LAB 163,5/1/2011,,Y,Y,Y,,,,
,CS,LAB,9569,INFCE: LABSORR MIC Results Inbound NTE comments not filing into LAB.,Completed,3,Y,"6.0C, 6.07C, 6.1C, 6.13C, 6.14C",2,"LAB.M.SPEC.xi.file.res.hl7.comp, LAB.M.SPEC.xi.file.res.hl7.nomen",12/30/2014,LAB 1108,1/15/2011,,Y,Y,,,,,
,CS,LAB,9597,Consulting Doctor Name Does Not Match Mnemonic in PV1|9,Completed,3,,"6.0C, 6.05C, 6.06C, 6.07C, 6.1C, 6.12C, 6.13C",0,"LAB.C.SPEC.xo.format.hl7.discres.comp, LAB.C.SPEC.xo.format.hl7.discres.mpm",12/30/2014,LAB 198,1/23/2011,,Y,Y,Y,,,,
,CS,LAB,9630,"INFCE: OBR|13, OBR|14, OBR|15 populating incorrectly for PTH",Completed,4,,"6.0C, 6.05C, 6.06C, 6.07C, 6.1C, 6.12C, 6.13C, 6.14C",0,LAB.C.SPEC.xo.format.hl7.discres.comp,12/30/2014,LAB 213,6/6/2011,,Y,Y,,,,,
R,CS,LAB,9640,INFCE: Fix Formatter Crashing When Processing Result Lines for MIC Organisms,Completed,3,,"6.0C, 6.05C, 6.06C, 6.07C, 6.1C, 6.12C, 6.13C, 6.14C",0,"LAB.C.SPEC.xo.format.hl7.discres.comp, LAB.C.SPEC.xo.format.hl7.discres.mpm, LAB.C.SPEC.xo.format.res.hl7.comp",12/30/2014,LAB 220,2/12/2011,,Y,Y,Y,,,,
,CS,LAB,9684,INFCE: LAB/MIC TEXT OBX incorrectly sent multiple times,Completed,4,Y,"6.0C, 6.05C, 6.06C, 6.07C, 6.1C, 6.13C, 6.14C",0,LAB.C.SPEC.xo.format.hl7.discres.comp,12/30/2014,LAB 242,7/4/2011,,Y,Y,,,,,
,CS,LAB,9825,INFCE: LAB results to MEDITECH interface not picking up susceptibilites,Completed,3,,"6.0C, 6.06C, 6.07C, 6.1C, 6.12C, 6.13C, 6.14C",0,LAB.M.SPEC.xi.file.res.hl7.comp,12/30/2014,LAB 315,5/2/2011,,Y,Y,,,,,
,CS,LAB,9884,INFCE - Quantity is not read in from OBR|27.1.1 for OM interfaces,Completed,3,,"6.0C, 6.05C, 6.06C, 6.07C, 6.1C, 6.12C, 6.13C, 6.14C",0,LAB.C.REQ.xo.format.hl7.focus,12/30/2014,LAB 342,5/23/2011,,Y,Y,,,,,
,CS,LAB,9967,INFCE: Wrong facility can be sent with Providers in PV1 and ORC for LMBP,Completed,3,Y,"6.0C, 6.05C, 6.06C, 6.07C, 6.1C, 6.13C, 6.14C",0,"LAB.C.SPEC.xo.format.hl7.discres.comp, LAB.C.SPEC.xo.format.hl7.discres.mpm",12/30/2014,LAB 389,7/5/2011,,Y,Y,Y,,,,
,CS,LAB,9994,INFCE: NTE segments not formatting Encoding characters for LMBP,Completed,3,,"6.0C, 6.07C, 6.1C, 6.13C, 6.14C",2,"LAB.C.SPEC.xo.format.hl7.discres.comp, LAB.C.SPEC.xo.format.hl7.discres.mpm",12/30/2014,LAB 1183,7/9/2011,,Y,Y,Y,,,,
,CS,LAB,10011,INFCE: LABRES - Leading spaces are being stripped off of specimen comments,Completed,4,,"6.0C, 6.06C, 6.07C, 6.1C, 6.13C, 6.14C",0,"LAB.C.SPEC.xo.format.hl7.discres.comp, LAB.C.SPEC.xo.format.hl7.discres.mpm",12/30/2014,LAB 407,11/8/2011,,Y,Y,Y,,,,
,CS,LAB,10025,NMI: LAB Results interface not sending a corrected flag for corrected MIS resu,Completed,3,,"6.0C, 6.05C, 6.06C, 6.07C, 6.1C, 6.13C, 6.14C",0,LAB.C.SPEC.xo.format.hl7.discres.comp,12/30/2014,LAB 417,7/17/2011,,Y,Y,,,,,
,CS,LAB,10059,HCA PWR 32381 - Add Specimen Number to all LAB/MIC Result Interface Screens,Completed,4,,"6.0C, 6.06C, 6.07C, 6.1C, 6.14C",0,"LAB.C.SPEC.xi.file.res.hl7.comp, LAB.C.SPEC.xo.format.hl7.discres.comp, LAB.C.SPEC.xo.format.res.hl7.comp",12/30/2014,LAB 430,,,Y,Y,,,,,
R,CS,LAB,10061,DDP 15703: Discontinue use of CS Symbol table arrays,Completed,3,,"6.0C, 6.05C, 6.06C, 6.07C, 6.1C, 6.13C, 6.14C",0,"LAB.C.REQ.xi.file.ord.hl723, LAB.C.REQ.xi.ord.filer.add, LAB.C.REQ.xi.ord.filer.can, LAB.C.REQ.xi.ord.filer.ee, LAB.C.SIB.xo.ord, LAB.C.SPEC.xo.driver.res, LAB.C.SPEC.xo.format.hl7.discres.comp, LAB.C.SPEC.xo.format.lab.res.hl723, LAB.C.SPEC.xo.format.lab.res.hl723.mtltc, LAB.C.SPEC.xo.format.mic.res.hl723, LAB.C.SPEC.xo.format.mic.res.hl723.mtltc, LAB.C.SPEC.xo.format.res.hl7.comp, LAB.L.SPEC.xi.file.res.hl723, LAB.L.SPEC.xo.ord.setup, LAB.M.SPEC.xi.file.res.hl7.comp, LAB.M.SPEC.xi.file.res.hl723, LAB.M.SPEC.xo.ord.setup, LAB.P.SPEC.xo.format.foc.emr, LAB.P.SPEC.xo.ord.setup, LAB.U.xio.hl7.txt",12/30/2014,LAB 432,,,Y,Y,,,,,
C,CS,LAB,10121,INFCE: Mic Result Status not being sent in OBR|25 for MEDINET,Completed,3,,"6.0C, 6.07C, 6.1C, 6.13C, 6.14C",2,LAB.C.SPEC.xo.format.res.hl7.comp,12/30/2014,LAB 1125,8/30/2011,,Y,Y,,,,,
,CS,LAB,10150,INFCE: SPM segment not being sent in proper order for LMBP interface,Rejected,3,,"6.05R, 6.06R, 6.07R, 6.1R, 6.13R, 6.14R, 6.15R",,,12/30/2014,,,,,,,,,,
,CS,LAB,10158,INFCE: Not all queries file from OBX|5,Completed,4,,"6.0C, 6.07C, 6.1C, 6.13C, 6.14C",3,LAB.C.REQ.xi.file.ord.hl7.comp,12/30/2014,LAB 1219,1/11/2012,,Y,Y,,,,,
,CS,LAB,10159,INFCE: Interface can crash if there are a lot of OBR's,Completed,3,,"6.0C, 6.07C, 6.1C, 6.13C, 6.14C",3,LAB.C.REQ.xi.file.ord.hl7.comp,12/30/2014,LAB 1220,9/13/2011,,Y,Y,,,,,
,CS,LAB,10196,INFCE: POC results should no longer FAIL-READ for within hours error,Completed,3,,"6.0C, 6.07C, 6.1C, 6.13C, 6.14C",3,LAB.C.REQ.xi.ord.filer.add,12/30/2014,LAB 1322,10/2/2011,,Y,Y,,,,,
,CS,LAB,10219,INFCE: LOINC codes have stopped populating due to change to generator e/e,Completed,3,,"6.0C, 6.05C, 6.06C, 6.07C, 6.1C, 6.13C, 6.14C",0,LAB.C.SPEC.xo.format.res.hl7.comp,12/30/2014,LAB 498,10/18/2011,,Y,Y,,,,,
,CS,LAB,10220,INFCE: Incorrect LOINC codes sent for orders/results interfaces,Completed,3,Y,"6.0C, 6.06C, 6.07C, 6.1C, 6.13C, 6.14C",0,"LAB.C.REQ.xo.format.ord.hl7.comp, LAB.C.SPEC.xo.format.hl7.discres.comp, LAB.C.SPEC.xo.format.hl7.discres.mpm, LAB.C.SPEC.xo.format.res.hl7.comp",12/30/2014,LAB 499,10/18/2011,,Y,Y,Y,,,,
,CS,LAB,10263,Timed tests displaying two results for the same individual test in LSS EAR,Rejected,3,,"6.0R, 6.07R",,,12/30/2014,,,,,,,,,,
,CS,LAB,10282,INFCE: FAIL-READ Inbound message if Specimen (@xi.spec.urn) is not created,Completed,3,,"6.0C, 6.07C, 6.1C, 6.13C, 6.14C",2,"LAB.L.SPEC.xi.file.res.hl7.comp, LAB.M.SPEC.xi.file.res.hl7.comp",12/30/2014,LAB 1109,11/29/2011,,Y,Y,,,,,
R,CS,LAB,10310,INFCE: OM Inbound orders from OV priority does not file after FOC OM 3209,Completed,3,Y,"6.0C, 6.05C, 6.06C, 6.07C, 6.1C, 6.12C, 6.13C, 6.14C",0,LAB.C.REQ.xo.format.hl7.focus,12/30/2014,LAB 545,12/4/2011,,Y,Y,,,,,
,CS,LAB,10319,MIC: String entered in OBX.5 as a coded entry type,Rejected,3,,"6.0R, 6.07R, 6.1R, 6.12R, 6.13R",,,12/30/2014,,12/10/2011,,,,,,,,
R,CS,LAB,10337,INFCE: Interface Crashes if there is orphaned bracket in MIC result line,Completed,2,,"6.0C, 6.05C, 6.06C, 6.07C, 6.1C, 6.12C, 6.13C, 6.14C",0,LAB.C.SPEC.xo.format.hl7.discres.mpm,12/30/2014,LAB 556,2/23/2012,,Y,Y,Y,,,,
,CS,LAB,10367,NMI: LAB RR interface can send wrong container information,Completed,3,,"6.0C, 6.05C, 6.06C, 6.07C, 6.1C, 6.13C, 6.14C",0,LAB.C.SPEC.xo.format.hl7.discres.comp,12/30/2014,LAB 575,12/26/2011,,Y,Y,,,,,
,CS,LAB,10373,INFCE: Inbound LAB Messages - Improve Error Message for Inactive LAB Site,Completed,4,,"6.0C, 6.06C, 6.07C, 6.1C, 6.13C, 6.14C",1,LAB.C.SPEC.xi.file.res.hl7.comp,12/30/2014,LAB 947,5/5/2012,,Y,Y,,,,,
R,CS,LAB,10391,INFCE: NTE Query Segments Not Posting for MIC Results Outbound,Completed,3,,"6.0C, 6.05C, 6.06C, 6.07C, 6.1C, 6.13C, 6.14C",0,LAB.C.SPEC.xo.format.hl7.discres.comp,12/30/2014,LAB 584,1/7/2012,,Y,Y,,,,,
R,CS,LAB,10446,BBK: INFCE: Cancel Comments not formatting for Blood Bank Specimens,Completed,4,,"6.0C, 6.05C, 6.06C, 6.07C, 6.1C, 6.13C, 6.14C",0,LAB.C.SPEC.xo.format.hl7.discres.comp,12/30/2014,LAB 609,5/27/2012,,Y,Y,,,,,
R,CS,LAB,10463,LIS: INFCE: Exclude Internal patients from HIM Lookup and Search,Completed,3,Y,"6.0C, 6.07C, 6.1C, 6.13C, 6.14C",2,LAB.C.REQ.xi.file.patient,12/30/2014,LAB 1203,2/4/2012,,Y,Y,,,,,
,CS,LAB,10609,"INFCE: Discrete Lab interface needs to accept ""IO"" and ""TO"" BBK events",Completed,3,,"6.0C, 6.07C, 6.1C, 6.13C, 6.14C",2,"LAB.C.SPEC.xo.format.hl7.discres.comp, LAB.C.SPEC.xo.format.hl7.discres.mpm, LAB.C.SPEC.xo.format.hl7.discres.nomen",12/30/2014,LAB 1184,4/6/2012,,Y,Y,Y,,Y,,
,CS,LAB,10619,"INFCE: Ordering Source needed if req. by OM, hardcode ""INFCE"" if user is nil",Completed,3,,"6.0C, 6.07C, 6.1C, 6.13C, 6.14C",1,LAB.C.REQ.xo.format.hl7.focus,12/30/2014,LAB 1068,4/2/2012,,Y,Y,,,,,
,CS,LAB,10647,INFCE: Facility not sent in OBR|28 for LAB if version >2.4,Completed,4,,"6.0C, 6.05C, 6.06C, 6.07C, 6.1C, 6.13C, 6.14C",0,LAB.C.SPEC.xo.format.hl7.discres.comp,12/30/2014,LAB 686,8/7/2012,,Y,Y,,,,,
R,CS,LAB,10651,INFCE: Interface Crashes if there is orphaned bracket in MIC result line,Completed,3,,"6.0C, 6.05C, 6.06C, 6.07C, 6.1C, 6.12C, 6.13C, 6.14C",0,"LAB.C.SPEC.xo.format.hl7.discres.comp, LAB.C.SPEC.xo.format.res.hl7.comp",12/30/2014,LAB 689,4/9/2012,,Y,Y,,,,,
,CS,LAB,10659,MIC: Closing brackets deleted in outbound lab report,Rejected,4,,"6.0R, 6.07R, 6.1R, 6.13R",,,12/30/2014,,8/14/2012,,,,,,,,
R,CS,LAB,10703,LIS: All Cancellation Comments Do Not File across Netlab/Medinet Interface,Completed,3,Y,"6.0C, 6.05C, 6.06C, 6.07C, 6.1C, 6.12C, 6.13C, 6.14C",0,"LAB.C.REQ.file.ok, LAB.C.REQ.xi.file.ord.hl7.comp, LAB.C.REQ.xi.ord.filer.can",12/30/2014,LAB 701,4/28/2012,,Y,Y,,,,,
R,CS,LAB,10864,INFCE: OV LAB Inbound Order OM compatibility changes,Completed,3,Y,"6.0C, 6.05C, 6.06C, 6.07C, 6.1C, 6.13C, 6.14C",0,LAB.C.REQ.xo.format.hl7.focus,12/30/2014,LAB 738,6/19/2012,,Y,Y,,,,,Required for FOC OM 3692
R,CS,LAB,11262,"INFCE: After OM 4219, Cancel Reason required in ORC|16 for Cancel Messages",Completed,3,,"6.0C, 6.07C",2,LAB.C.REQ.xo.format.hl7.focus,12/30/2014,LAB 1153,11/23/2012,,Y,Y,,,,,
,CS,LAB,11295,"DDP 16532: ARRA Stage 2 - Code Type change to ""SNOMED_CT""",Completed,3,Y,"6.0C, 6.07C, 6.1C, 6.13C, 6.14C",1,"LAB.C.SPEC.xi.file.res.hl7.nomen, LAB.L.SPEC.xi.file.res.hl7.nomen, LAB.M.SPEC.xi.file.res.hl7.nomen",12/30/2014,LAB 960,12/3/2012,,Y,Y,,,,,
,CS,LAB,11334,DDP 16532: ARRA Stage 2 - Wrong performing site filing into LAB,Completed,3,Y,"6.0C, 6.07C, 6.1C, 6.13C, 6.14C",1,LAB.M.SPEC.xi.file.res.hl7.nomen,12/30/2014,LAB 961,12/16/2012,,Y,Y,,,,,
,CS,LAB,11338,"INFCE: POC XI Results does not respect site map for tests, procs, and susc ste",Completed,3,,"6.0C, 6.07C, 6.1C, 6.13C, 6.14C",3,"LAB.C.REQ.xi.file.ord.hl7.comp, LAB.L.SPEC.xi.file.res.hl7.comp, LAB.M.SPEC.xi.file.res.hl7.comp",12/30/2014,LAB 1221,1/14/2013,,Y,Y,,,,,
,CS,LAB,11416,INFCE: new specimen are accumulating large comments because of a nil node,Completed,3,,"6.0C, 6.07C, 6.1C, 6.13C, 6.14C",3,LAB.L.SPEC.xi.file.res.hl7.comp,12/30/2014,LAB 1222,1/14/2013,,Y,Y,,,,,
,CS,LAB,11476,INFCE - Entering Device from ORC|18 is not saved to LAB requisitions,Completed,3,,"6.0C, 6.07C, 6.1C, 6.13C, 6.14C",3,"LAB.C.REQ.xi.file.ord.hl7.comp, LAB.C.REQ.xi.ord.filer.ee",12/30/2014,LAB 1223,2/1/2013,,Y,Y,,,,,
,CS,LAB,11506,MIC Results are referencing HL7.VER instead of /HL7.VER,Completed,3,,"6.0C, 6.07C, 6.1C, 6.13C, 6.14C",2,LAB.C.SPEC.xo.format.hl7.discres.comp,12/30/2014,LAB 1161,2/18/2013,,Y,Y,,,,,
,CS,LAB,11507,DDP 16411/16378: Additional fixes - ARRA Stage 2 Formatter for Certification,Completed,3,Y,"6.0C, 6.07C, 6.1C, 6.13C, 6.14C",1,"LAB.C.SPEC.xo.format.hl7.discres.nomen, LAB.TOOL.BOX.init.x.msg.type",12/30/2014,LAB 1061,3/16/2013,,Y,Y,,,Y,,
,CS,LAB,11511,OM Orders: Move position of ZMN for OM inbox,Completed,3,Y,"6.0C, 6.06C, 6.07C, 6.1C, 6.13C, 6.14C",1,LAB.C.REQ.xo.format.hl7.focus,12/30/2014,LAB 1057,2/19/2013,,Y,Y,,,,,
C,CS,LAB,11521,INFCE: Improperly sending abnormal flags for timed results,Completed,2,,"6.0C, 6.05C, 6.06C, 6.07C, 6.1C, 6.13C, 6.14C",1,"LAB.C.SPEC.xo.format.hl7.discres.comp, LAB.C.SPEC.xo.format.res.hl7.comp",12/30/2014,LAB 1082,1/16/2013,,Y,Y,,,,,
,CS,LAB,11566,LAB ARRA II: Changes to support LRI Validation,Completed,3,Y,"6.0C, 6.07C, 6.1C, 6.13C, 6.14C",1,"LAB.C.SPEC.xo.driver.res, LAB.C.SPEC.xo.format.hl7.discres.nomen, LAB.TOOL.BOX.init.x.msg.type",12/30/2014,LAB 1104,3/24/2013,,Y,Y,,,Y,,
C,CS,LAB,11575,Resub 11521: Improperly sending abnormal flags for timed results,Completed,2,,"6.0C, 6.05C, 6.06C, 6.07C, 6.1C, 6.13C, 6.14C",1,"LAB.C.SPEC.xo.format.hl7.discres.comp, LAB.C.SPEC.xo.format.res.hl7.comp",12/30/2014,LAB 1105,2/15/2013,,Y,Y,,,,,
,CS,LAB,11614,INFCE: After DTS 10061 temp structure not killed,Completed,3,,"6.0C, 6.05C, 6.06C, 6.07C, 6.1C, 6.13C, 6.14C",2,LAB.C.SPEC.xo.format.res.hl7.comp,12/30/2014,LAB 1126,5/5/2013,,Y,Y,,,,,
,CS,LAB,11636,DDP 17117: ARRA II LAB Result Formatter Modifications for 5.x Certification,Completed,3,,"6.0C, 6.07C, 6.1C, 6.13C, 6.14C",2,LAB.C.SPEC.xo.format.hl7.discres.nomen,12/30/2014,LAB 1185,5/13/2013,,Y,Y,,,Y,,
,CS,LAB,11866,Addendum for DDP 16550: BBK & MIC Medinet and Netlab testing for SEND ALL = N,Rejected,3,,"6.0R, 6.07R, 6.1R, 6.13R",,,12/30/2014,,8/30/2013,,,,,,,,
,CS,LAB,11884,SPM|2.1.2 should be Req urn not Spec urn,Rejected,4,,"6.0R, 6.06R, 6.07R, 6.1R, 6.13R",,,12/30/2014,,12/30/2013,,,,,,,,
,CS,LAB,11974,INFCE - Public Health LMBP is not sending NOT and EMP NK1 Segments,Rejected,3,,"6.0R, 6.07R, 6.1R, 6.13R, 6.14R, 6.15R",,,12/30/2014,,4/17/2014,,,,,,Y,,
,CS,LAB,12213,MPM: BBK antigen and antibody results not formatted correctly,Rejected,3,,"6.0R, 6.07R",,,12/30/2014,,,,,,,,,,
,CS,LAB,12582,INFCE - MU2 ELR interface needs the ability to suppress patient information,Rejected,3,,"6.07R, 6.13R",,,12/30/2014,,,,,,,,Y,,
,CS,LAB,12755,INFCE: Diag descrip doesn't populate OBR.31 when version doesn't exist in ADM,Rejected,3,,"6.0R, 6.07R, 6.1R, 6.13R, 6.14R, 6.15R",,,12/30/2014,,2/19/2015,,,,,,Y,,
,CS,LAB,12803,INFCE: Parameterize Message Profile Identifier Namespace ID,Rejected,3,,"6.0R, 6.07R, 6.1R, 6.13R",,,12/30/2014,,,,,,,,Y,,
,CS,MIS,11469,INFCE: Messages not updating Facility Data in Provider Dictionary,Completed,3,,"6.0C, 6.06C, 6.07C, 6.1C, 6.13C, 6.14C",3,MIS.DOC.xi.file.hl7.comp,12/30/2014,MIS 1474,9/21/2010,,Y,Y,,,,,
,CS,MIS,11489,INFCE: MSG GEN can start when all databases are not open - RESUB MIS 4865,Completed,4,,"6.0C, 6.05C, 6.06C, 6.07C, 6.1C, 6.13C, 6.14C",0,MIS.XO.MSG.GEN.start.driver,12/30/2014,MIS 63,1/25/2011,,Y,Y,,,,,
R,CS,MIS,11942,"Outbox:  inactive MSG GEN can block event queue purge, cause space concerns",Completed,4,,"6.0C, 6.05C, 6.06C, 6.07C, 6.1C, 6.12C, 6.13C, 6.14C",0,MIS.XO.EVENT.Q.purge,12/30/2014,MIS 165,5/23/2011,,Y,Y,,,,,
,CS,MIS,12261,PACS driver missing from Standard Message Type,Completed,4,,"6.0C, 6.05C, 6.06C, 6.07C, 6.1C, 6.12C, 6.13C, 6.14C",0,MIS.X.MSG.TYPE.init,12/30/2014,MIS 308,8/16/2011,,Y,Y,,,,,
,CS,MIS,12265,INFCE: Send service in STF|9 and group name in PRA|2.2 for Provider Outbound.,Completed,3,,"6.0C, 6.05C, 6.06C, 6.07C, 6.1C, 6.13C, 6.14C",0,MIS.DOC.xo.format.hl7.comp,12/30/2014,MIS 840,4/26/2011,,Y,Y,,,,,
,CS,MIS,12551,INFCE: Delivery Service & Message Filer Backlogs showing incorrect values,Completed,4,,"6.0C, 6.05C, 6.06C, 6.07C, 6.1C, 6.12C, 6.13C, 6.14C",0,"MIS.X.DEL.SVC.currency.status, MIS.XI.MSG.FILR.currency.status",12/30/2014,MIS 412,10/30/2011,,Y,Y,,,,,
,CS,MIS,12574,INFCE: Generators can show Negative Backlogs,Completed,4,,"6.0C, 6.05C, 6.06C, 6.07C, 6.1C, 6.12C, 6.13C, 6.14C",0,MIS.XO.MSG.GEN.currency.status,12/30/2014,MIS 418,11/6/2011,,Y,Y,,,,,
R,CS,MIS,12591,"INFCE: CCD Consumer, every message is being automatically requeued",Completed,3,,"6.0C, 6.05C, 6.06C, 6.07C",0,MIS.XIO.ehr.consumer.dispatch,12/30/2014,MIS 422,7/18/2011,,Y,Y,,Y,,,
,CS,MIS,12601,INFCE: CCD SUPPLIER: FOC.CHT.EHR del svc creating HL7 messages,Completed,3,,"6.0C, 6.05C, 6.06C, 6.07C",0,"MIS.X.DEL.TYPE.from.folder.to.appl.anp, MIS.XML.UTIL.iti.wizard",12/30/2014,MIS 425,7/16/2011,,Y,Y,,Y,,,
,CS,MIS,12602,INFCE: CCD SUPPLIER - Testing tools do not gather information from EMR,Completed,3,Y,"6.0C, 6.05C, 6.06C, 6.07C",0,MIS.XIO.ehr.test.message.format,12/30/2014,MIS 426,7/18/2011,,Y,Y,,Y,,,
,CS,MIS,12637,10401: Patient OID not sent in correct slot in IDR record,6.1-Rejected,4,,"6.1R, 6.12R, 6.13R",,,1/21/2015,,11/27/2011,,,,,,,,
R,CS,MIS,12640,DDP 15703: Discontinue use of CS Symbol table arrays,Completed,3,,"6.0C, 6.05C, 6.06C, 6.07C, 6.1C, 6.13C, 6.14C",0,"MIS.BAR.BCH.xi.file.charges.hl7.comp, MIS.BAR.BCH.xi.file.charges.hl723, MIS.BAR.BCH.xi.file.charges.ptct, MIS.EDI.xo.driver.ansi.278, MIS.EDI.xo.driver.ansi.278.5010, MIS.X.DEL.TYPE.del.archive, MIS.X.DEL.TYPE.del.folder, MIS.X.DEL.TYPE.del.folder.anp, MIS.X.DEL.TYPE.from.file, MIS.X.OBJECT.deliver, MIS.X.OBJECT.file, MIS.X.PROPERTY.deliver, MIS.XI.MSG.hl7.2.txt, MIS.XI.MSG.FILR.driver, MIS.XI.MSG.FILR.driver.chrgs, MIS.XIO.im.infce.change.status, MIS.XIO.im.msg.view, MIS.XIO.im.tbl.inf, MIS.XIO.interface.manager, MIS.XIO.ACCESS.convert, MIS.XO.EVENT.init, MIS.XO.EVENT.Q.driver.res.mtltc",12/30/2014,MIS 434,,,Y,Y,,Y,,,
,CS,MIS,12671,Network Read clears buffer before the data is read,Completed,4,,"6.0C, 6.06C, 6.07C, 6.1C, 6.13C, 6.14C",0,MIS.XIO.com.drv,12/30/2014,MIS 973,12/7/2011,,Y,Y,,,,,
,CS,MIS,12684,Inbox/Outbox dictionaries:  View and Enter/Edit routines don't match up,Completed,4,,"6.0C, 6.05C, 6.06C, 6.07C, 6.1C, 6.13C, 6.14C",0,"MIS.X.DEL.SVC.view, MIS.XI.MSG.FILR.view, MIS.XI.SENDER.view, MIS.XO.MSG.GEN.view, MIS.XO.RECIP.view",12/30/2014,MIS 448,12/7/2011,,Y,Y,,,,,
,CS,MIS,12693,INFCE: escape characters in OBX segments are processed twice,Rejected,3,,"6.0R, 6.06R, 6.07R, 6.1R, 6.13R",,,12/30/2014,,,,,,,,,,
,CS,MIS,12695,INFCE: CCD CONSUMER: XDS Request not sending correct assigning authority OID,Completed,3,Y,"6.0C, 6.05C, 6.06C, 6.07C",0,MIS.X.OBJECT.init,12/30/2014,MIS 454,8/15/2011,,Y,Y,,Y,,,
C,CS,MIS,12701,Connections Bkg Jobs taking up server resources,Completed,3,,"6.0C, 6.05C, 6.06C, 6.07C, 6.1C, 6.12C, 6.13C, 6.14C",0,"MIS.X.DEL.SVC.file.msg.inbox, MIS.X.DEL.TYPE.from.hl7hp, MIS.X.DEL.TYPE.from.hl7mp, MIS.X.DEL.TYPE.from.rfid",12/30/2014,MIS 457,8/13/2011,,Y,Y,,,,,
,CS,MIS,12709,INFCE: MPM Integration: Wizard sets up event type CPT REQ (not needed by LSS),Completed,3,,"6.0C, 6.05C, 6.06C, 6.07C",0,MIS.XIO.init.mpm,12/30/2014,MIS 463,8/14/2011,,Y,Y,Y,,,,
,CS,MIS,12741,INFCE: Add GXOQ urn to Subject for EDI. Also remove 5 second Failure Hang,Completed,4,,"6.0C, 6.06C, 6.07C",2,MIS.EDI.xo.driver.ansi.270,12/30/2014,MIS 1302,12/20/2011,,Y,Y,,,,,
,CS,MIS,12758,INFCE: CCD SUPPLIER: Pregnancy and Patient's language not displaying correctly,Completed,3,,"6.0C, 6.05C, 6.06C, 6.07C",0,MIS.XIO.ehr.build.ccd.data,12/30/2014,MIS 480,8/28/2011,,Y,Y,,Y,,,
R,CS,MIS,12776,MPM: Subject Filter isn't useful when the subject length > 70 chars.,Completed,4,,"6.0C, 6.05C, 6.06C, 6.07C, 6.1C, 6.12C, 6.13C, 6.14C",0,"MIS.X.DEL.TYPE.from.hl7mp, MIS.X.DEL.TYPE.service.hl7mp.fast, MIS.X.DEL.TYPE.service.hl7mp.multi",12/30/2014,MIS 488,1/3/2012,,Y,Y,Y,,,,
,CS,MIS,12783,Free Text MSG segment being truncated for EDI 271 Inbound Messages,Completed,3,,"6.0C, 6.06C, 6.07C",0,MIS.XI.MSG.parse.ansi,12/30/2014,MIS 491,9/6/2011,,Y,Y,,,,,
,CS,MIS,12806,MPM Integration: Errors are not being returned to LSS,Completed,3,,"6.0C, 6.05C, 6.06C, 6.07C",0,MIS.XIO.xi.query.hl7.focus,12/30/2014,MIS 504,9/13/2011,,Y,Y,Y,,,,
,CS,MIS,12816,INFCE: Encoding Character Parameter not being utilized correctly,Completed,4,,"6.0C, 6.05C, 6.06C, 6.07C, 6.1C, 6.13C, 6.14C",0,"MIS.X.DEL.SVC.ee, MIS.X.DEL.SVC.file, MIS.XI.MSG.FILR.ee, MIS.XO.MSG.GEN.ee",12/30/2014,MIS 509,1/14/2012,,Y,Y,,,,,
,CS,MIS,12830,ITI: When SSL is in use Supplier should return a URL that starts with HTTPS,Completed,3,,"6.0C, 6.07C, 6.1C, 6.13C, 6.14C",3,MIS.XIO.ehr.supplier.dispatch,12/30/2014,MIS 1458,9/24/2011,,Y,Y,,Y,,,
,CS,MIS,12831,INFCE: Pregnancy Date Recorded not posting to CCD,Completed,3,,"6.0C, 6.05C, 6.06C, 6.07C",0,MIS.XIO.ehr.build.ccd.data,12/30/2014,MIS 514,9/23/2011,,Y,Y,,Y,,,
,CS,MIS,12843,Inbox/Outbox Wizards:  single DB for connection not flagged as pre-existing,Completed,3,Y,"6.0C, 6.05C, 6.06C, 6.07C, 6.1C, 6.12C, 6.13C, 6.14C",0,"MIS.XIO.msg.gen.dbs, MIS.XIO.wizard",12/30/2014,MIS 518,10/3/2011,,Y,Y,,,,,
,CS,MIS,12858,QRY Z04 parsing doesn't save subscriber's suffix,Completed,3,,"6.0C, 6.05C, 6.06C, 6.07C",1,MIS.XIO.xi.query.hl7.focus,12/30/2014,MIS 1158,9/30/2011,,Y,Y,Y,,,,
,CS,MIS,12859,QRY Z04 parsing leads to unnecessary ZSB message,Rejected,4,,"6.0R, 6.07R",,,12/30/2014,,1/28/2012,,,,,,,,
R,CS,MIS,12872,MPM Integration: MIC Source dictionary cannot be sent to LSS,Completed,3,,"6.0C, 6.05C, 6.06C, 6.07C",0,MIS.DICT.xo.mpm,12/30/2014,MIS 528,10/1/2011,,Y,Y,Y,,,,
C,CS,MIS,12874,INFCE: CCD SUPPLIER - Memory leak that grows with each CCD message formatted,Completed,3,,"6.0C, 6.05C, 6.06C, 6.07C",0,"MIS.XIO.ehr.build.ccd.data, MIS.XIO.ehr.supplier.dispatch",12/30/2014,MIS 529,10/3/2011,,Y,Y,,Y,,,
,CS,MIS,12892,INFCE: Message Type not set up in M-AT/NPR Subject if hook used,Completed,4,,"6.0C, 6.05C, 6.06C, 6.07C, 6.1C, 6.12C, 6.13C, 6.14C",0,"MIS.XI.MSG.xo.format.hl7.focus, MIS.XIO.focus.to.hl7",12/30/2014,MIS 537,1/31/2012,,Y,Y,,,Y,,
R,CS,MIS,12924,MPM Integraton: Share MIS Speciality Dictionary with LSS,Completed,3,,"6.0C, 6.05C, 6.06C, 6.07C",0,"MIS.ABS.SVC.xi.file.focus, MIS.ABS.SVC.xo.format.hl7.mpm, MIS.DICT.xo.format.hl7.mpm, MIS.TOOL.BOX.init.x.msg.type, MIS.XIO.init.mpm",12/30/2014,MIS 551,10/17/2011,,Y,Y,Y,,,,
C,CS,MIS,12937,"IntMan:  default msg selection makes ""UNDEFINED"" Inbox msgs difficult to find",Completed,3,,"6.0C, 6.05C, 6.06C, 6.07C, 6.1C, 6.12C, 6.13C, 6.14C",0,"MIS.XI.MSG.im.build.array, MIS.XIO.interface.manager",12/30/2014,MIS 557,10/24/2011,,Y,Y,,,,,
,CS,MIS,12948,INFCE: Blank repeat transforms to a space in M-AT list if nil in HL7 message,Completed,4,,"6.0C, 6.06C, 6.07C, 6.1C, 6.13C, 6.14C",1,"MIS.XIO.hl7.to.focus, MIS.XIO.x.hook.hl7.to.focus.adt, MIS.XIO.x.hook.hl7.to.focus.empi, MIS.XIO.x.hook.hl7.to.focus.mfn, MIS.XIO.x.hook.hl7.to.focus.oru.monitor",12/30/2014,MIS 1167,2/25/2012,,Y,Y,,,,,
,CS,MIS,12963,INFCE: Code needed for Ancillary Charges to LSS,Completed,3,Y,"6.0C, 6.05C, 6.06C, 6.07C",0,MIS.BAR.BCH.xo.format.hl7.lss,12/30/2014,MIS 564,10/29/2011,,Y,Y,Y,,,,
,CS,MIS,13033,DDP 11601/15422: Additional changes to support the Billionth Second Date,Completed,2,,"6.0C, 6.04C, 6.05C, 6.06C, 6.07C, 6.1C, 6.12C, 6.13C, 6.14C",0,,12/30/2014,MIS 586,,,Y,Y,,,,,
,CS,MIS,13036,INFCE: CCD Supplier using invalid URL in XDS response,Completed,3,,"6.0C, 6.07C, 6.1C, 6.13C, 6.14C",1,"MIS.XIO.ehr.consumer.dispatch, MIS.XIO.ehr.supplier.dispatch, MIS.XML.PROTO.init",12/30/2014,MIS 1237,11/25/2011,,Y,Y,,Y,,,
,CS,MIS,13066,INFCE: CCD Supplier sends invalid URL when RT connection fails,Completed,3,,"6.0C, 6.05C, 6.06C, 6.07C",0,MIS.XIO.ehr.supplier.dispatch,12/30/2014,MIS 592,12/3/2011,,Y,Y,,Y,,,
,CS,MIS,13070,INFCE: Ack message not being sent to Home Care for Medication Inserts,Completed,3,,"6.0C, 6.05C, 6.06C, 6.07C, 6.1C, 6.12C, 6.13C, 6.14C",0,"MIS.XIO.hl7.dispatch.filers.maestro, MIS.XO.MSG.file.and.deliver",12/30/2014,MIS 593,12/5/2011,,Y,Y,,,,,
,CS,MIS,13084,INFCE: Suffix being dropped from patient names for LSS to MT messages,Completed,3,,"6.0C, 6.05C, 6.06C, 6.07C",0,MIS.XIO.xi.query.hl7.focus,12/30/2014,MIS 595,12/11/2011,,Y,Y,Y,,,,
C,CS,MIS,13085,Outbox:  wizard DB table missing DB when app mnemonic = DB mnemonic,Completed,3,,"6.0C, 6.05C, 6.06C, 6.07C, 6.1C, 6.12C, 6.13C, 6.14C",0,MIS.XIO.msg.gen.dbs,12/30/2014,MIS 596,12/11/2011,,Y,Y,,,,,
R,CS,MIS,13098,INFCE: Interface Manager Does Not Show Last Error Detail for Delivery Services,Completed,3,,"6.0C, 6.06C, 6.07C, 6.1C, 6.12C, 6.13C, 6.14C",0,MIS.XIO.interface.manager,12/30/2014,MIS 603,12/13/2011,,Y,Y,,,,,
R,CS,MIS,13143,INFCE: Delivery Service not properly validating,Completed,3,,"6.0C, 6.05C, 6.06C, 6.07C, 6.1C, 6.12C, 6.13C, 6.14C",0,"MIS.X.DEL.SVC.driver, MIS.X.DEL.TYPE.del.hl7mp, MIS.X.DEL.TYPE.from.hl7mp, MIS.X.DEL.TYPE.read.hl7.protocol, MIS.XIO.im.infce.change.status, MIS.XO.MSG.copy.from.other.hcis, MIS.XO.MSG.ee, MIS.XO.MSG.im.process.select.frag, MIS.XO.MSG.im.process.select.frag.open",12/30/2014,MIS 615,12/30/2011,,Y,Y,,,,,
,CS,MIS,13155,INFCE: Fix Inbound Del Svc to Filter Correctly when Del Svc Trap is Toggled,Completed,3,,"6.0C, 6.05C, 6.06C, 6.07C, 6.1C, 6.12C, 6.13C, 6.14C",0,MIS.XIO.im.del.svc.trap,12/30/2014,MIS 622,12/31/2011,,Y,Y,,,,,
,CS,MIS,13172,"IntMan:  msg filter date or msg # range ignores ""Max num msgs to retrieve""",Completed,4,,"6.0C, 6.05C, 6.06C, 6.07C, 6.1C, 6.13C, 6.14C",0,"MIS.XI.MSG.im.build.array, MIS.XO.MSG.im.build.array",12/30/2014,MIS 626,5/5/2012,,Y,Y,,,,,
R,CS,MIS,13175,INFCE: MPM.XO Blank Message Posting When Can't Switch to MRI,Completed,3,,"6.0C, 6.05C, 6.06C, 6.07C",0,MIS.XIO.xo.format.hl7.lss,12/30/2014,MIS 627,1/7/2012,,Y,Y,Y,,,,
,CS,MIS,13191,INFCE: Timezone Offset not preserved within application code,Completed,3,,"6.0C, 6.05C, 6.06C, 6.07C, 6.1C, 6.12C, 6.13C, 6.14C",0,"MIS.XI.MSG.record.event, MIS.XI.MSG.FILR.file.msg, MIS.XO.MSG.record.event",12/30/2014,MIS 634,1/14/2012,,Y,Y,,,,,
C,CS,MIS,13194,Infce CS ADM 6921: A31 msgs populate with other HIM data from the same patient,Completed,3,,"6.0C, 6.05C, 6.06C, 6.07C",0,MIS.XIO.focus.get.him.data,12/30/2014,MIS 636,1/14/2012,,Y,Y,,,,,
,CS,MIS,13197,INFCE: Add OM Dietary to HL7 hook to standard message type,Completed,4,,"6.0C, 6.07C, 6.1C, 6.13C, 6.14C",2,"MIS.TOOL.BOX.init.x.msg.type, MIS.XIO.build.focus.dietary.orders.to.ov.link, MIS.XIO.focus.om.diet.to.hl7",12/30/2014,MIS 1339,5/13/2012,,Y,Y,Y,,,,
R,CS,MIS,13227,MIS: Master Files Interface sending incorrect information in PRA-6 field,Completed,3,,"6.0C, 6.05C, 6.06C, 6.07C, 6.1C, 6.12C, 6.13C, 6.14C",0,MIS.DOC.xo.format.hl7.comp,12/30/2014,MIS 841,1/21/2012,,Y,Y,,,,,
,CS,MIS,13238,IntMan:  Outbox messages not appearing,Completed,3,,"6.0C, 6.05C, 6.06C, 6.07C, 6.1C, 6.12C, 6.13C, 6.14C",0,MIS.XO.MSG.file.main.guts,12/30/2014,MIS 657,1/28/2012,,Y,Y,,,,,
R,CS,MIS,13246,INFCE: 5 second delay slows down UNV event queue processing,Completed,3,,"6.0C, 6.05C, 6.06C, 6.07C, 6.1C, 6.12C, 6.13C, 6.14C",0,"MIS.DICT.xo.unv.driver, MIS.DICT.xo.unv.driver.auto.del",12/30/2014,MIS 661,2/3/2012,,Y,Y,,,,,
R,CS,MIS,13251,INFCE: Fix Segment Terminator (~) and Repetition Separator (^) Set up,Completed,3,,"6.0C, 6.05C, 6.06C, 6.07C",0,MIS.EDI.xo.format.ansi.270.5010,12/30/2014,MIS 664,2/3/2012,,Y,Y,,,,,
R,CS,MIS,13252,INFCE: Fix Calls to process.msg.line Macro from 4010 to 5010,Completed,3,,"6.0C, 6.06C, 6.07C",0,MIS.EDI.xo.format.ansi.270.5010,12/30/2014,MIS 665,2/3/2012,,Y,Y,,,,,
,CS,MIS,13275,MIS: Elig 270/271 interface is generating incorrect time due to time zone off,Completed,3,,"6.0C, 6.06C, 6.07C",2,MIS.EDI.ansi.270.elig,12/30/2014,MIS 1304,2/4/2012,,Y,Y,,,,,
,CS,MIS,13300,Home Care vitals signs messages can crash when viewed in M-AT Inbox,Completed,3,,"6.0C, 6.06C, 6.07C, 6.1C, 6.12C, 6.13C, 6.14C",0,MIS.XIO.file.vitals.hl7.2.focus.ptct,12/30/2014,MIS 677,2/11/2012,,Y,Y,,,,,
,CS,MIS,13305,IMMUN INFCE: Wizard needs to add facilities to message type,Completed,4,Y,"6.0C, 6.05C, 6.06C, 6.07C, 6.1C, 6.13C, 6.14C",0,MIS.XIO.build.immunization.hl7,12/30/2014,MIS 680,6/12/2012,,Y,Y,,,,,
R,CS,MIS,13332,INFCE: Fix Drug names for MPM over 80 characters that do not transfer to /HL7,Completed,3,,"6.0C, 6.06C, 6.07C",0,MIS.XIO.xi.query.hl7.focus,12/30/2014,MIS 912,2/18/2012,,Y,Y,Y,,,,
R,CS,MIS,13360,Fixes to 270 5010 ANSI Insurance Eligibility.,Completed,3,,"6.0C, 6.06C, 6.07C",0,"MIS.EDI.xo.format.ansi.270.4010, MIS.EDI.xo.format.ansi.270.4010n, MIS.EDI.xo.format.ansi.270.5010, MIS.PGM.init",12/30/2014,MIS 694,3/4/2012,,Y,Y,,,,,
,CS,MIS,13374,"MIS: Master Files Interface should send MUP to edit inactive entry, not MAD",Completed,3,,"6.0C, 6.05C, 6.06C, 6.07C, 6.1C, 6.12C, 6.13C, 6.14C",0,MIS.DOC.xo.format.hl7.comp,12/30/2014,MIS 842,3/11/2012,,Y,Y,,,,,
C,CS,MIS,13381,INFCE: Temp files not being deleted when converting HL7 to M-AT,Completed,3,,"6.0C, 6.05C, 6.06C, 6.07C, 6.1C, 6.12C, 6.13C, 6.14C",0,MIS.XI.MSG.xo.format.hl7.focus,12/30/2014,MIS 701,3/20/2012,,Y,Y,,,Y,,
,CS,MIS,13414,Home Care Meds are not filing to OM,Completed,3,Y,"6.0C, 6.05C, 6.06C, 6.07C, 6.1C, 6.13C, 6.14C",0,"MIS.XIO.build.ptct.maestro.interfaces, MIS.XIO.hl7.dispatch.filers.maestro",12/30/2014,MIS 706,3/18/2012,,Y,Y,,,,,
,CS,MIS,13432,Using different method to link to database for MIS Inbox Filers.,Rejected,3,,"6.0R, 6.05R, 6.07R, 6.12R",,,12/30/2014,,3/25/2012,,,,,,,,
,CS,MIS,13438,MIS: Master Files Interface putting DEA exp. date into SL repetition component,Completed,3,,"6.0C, 6.05C, 6.06C, 6.07C, 6.1C, 6.12C, 6.13C, 6.14C",0,MIS.DOC.xo.format.hl7.comp,12/30/2014,MIS 843,3/25/2012,,Y,Y,,,,,
,CS,MIS,13479,INFCE: Need to add support to extract languageCode from CCD file,Completed,3,Y,"6.0C, 6.05C, 6.06C, 6.07C",0,MIS.X.OBJECT.init,12/30/2014,MIS 729,4/14/2012,,Y,Y,,Y,,,
,CS,MIS,13516,MRI query needs to accept arg to prevent unit number creation.,Completed,4,Y,"6.0C, 6.05C, 6.06C, 6.07C",0,MIS.XIO.hl7.dispatch.filers.maestro,12/30/2014,MIS 741,8/15/2012,,Y,Y,,,,,
R,CS,MIS,13526,"IntMan:  ""UNDEFINED"" msg type showing up as default for Outbox msg. selection",Completed,3,Y,"6.0C, 6.05C, 6.06C, 6.07C, 6.1C, 6.12C, 6.13C, 6.14C",0,MIS.XIO.interface.manager,12/30/2014,MIS 746,4/23/2012,,Y,Y,,,,,Required if site has CS MIS 12937
,CS,MIS,13527,INFCE: Message Type too long in Delivery Service Dict.,Completed,4,,"6.0C, 6.06C, 6.07C, 6.1C, 6.13C, 6.14C",0,"MIS.X.DEL.SVC.ee, MIS.X.DEL.SVC.ee.frag, MIS.X.DEL.SVC.view, MIS.XIO.ee.hfm.msg.types",12/30/2014,MIS 747,8/21/2012,,Y,Y,,,,,
,CS,MIS,13529,INFCE: Backlog Screen freezes when called from Interface Manager,Completed,3,,"6.0C, 6.05C, 6.06C, 6.07C, 6.1C, 6.12C, 6.13C, 6.14C",0,MIS.XIO.im.currency,12/30/2014,MIS 749,4/22/2012,,Y,Y,,,,,
,CS,MIS,13574,MPM Integration: Confidential flag shared in wrong field,Completed,3,,"6.0C, 6.05C, 6.06C, 6.07C",0,MIS.XIO.xo.format.hl7.lss,12/30/2014,MIS 762,5/2/2012,,Y,Y,Y,,,,
,CS,MIS,13575,"Add ""Suppress Segment"" field to NPR MIS Message Generator dictionary",Completed,4,,"6.0C, 6.05C, 6.06C, 6.07C, 6.1C, 6.13C, 6.14C",0,"MIS.XIO.pack.fields.hl7, MIS.XO.MSG.GEN.ee.msg.medinet, MIS.XO.MSG.GEN.ee.msg.medinet.res, MIS.XO.MSG.GEN.ee.xo.msg.parameters",12/30/2014,MIS 763,9/3/2012,,Y,Y,,,,,
,CS,MIS,13593,INFCE: Need Standard Message Type for EDI Elig 270-5010,Completed,4,,"6.0C, 6.05C, 6.06C, 6.07C, 6.1C, 6.12C, 6.13C, 6.14C",0,MIS.TOOL.BOX.init.x.msg.type,12/30/2014,MIS 771,9/3/2012,,Y,Y,,,,,
,CS,MIS,13682,IntMan: Notify user that pressing any key will end message search,Completed,4,,"6.0C, 6.05C, 6.06C, 6.07C, 6.1C, 6.13C, 6.14C",0,MIS.XIO.interface.manager,12/30/2014,MIS 793,9/26/2012,,Y,Y,,,,,
,CS,MIS,13687,"INFCE: ""RT.GETOF.***"" and ""RT.ANYSI.***"" Del Services should be Non-Unique",Completed,3,,"6.0C, 6.05C, 6.06C, 6.07C",0,MIS.XIO.init.mpm,12/30/2014,MIS 797,6/5/2012,,Y,Y,Y,,,,
,CS,MIS,13688,MPM Integration: MPM.MIS message generator unable to process Move Acct txns,Completed,2,Y,"6.0C, 6.05C, 6.06C, 6.07C",0,MIS.XIO.xo.format.hl7.lss,12/30/2014,MIS 798,4/26/2012,,Y,Y,Y,,,,
,CS,MIS,13696,Not Sending HL7 Version In MSH|12 or DEA Number in PR1|6 On MIS Providers Out,Completed,3,,"6.0C, 6.06C, 6.07C, 6.1C, 6.13C, 6.14C",0,MIS.DOC.xo.format.hl7.comp,12/30/2014,MIS 844,6/3/2012,,Y,Y,,,,,
R,CS,MIS,13731,INFCE: MRM application isn't always delivered for 6.06,Completed,4,,"6.0C, 6.06C, 6.07C",0,MIS.XIO.xo.format.hl7.lss,12/30/2014,MIS 807,10/7/2012,,Y,Y,Y,,,,
,CS,MIS,13741,MIS: Xfer Dx and Perf Providers routine sending incorrect codeset label to LSS,Completed,3,,"6.0C, 6.06C, 6.07C",0,MIS.XIO.xo.format.hl7.lss,12/30/2014,MIS 913,6/12/2012,,Y,Y,Y,,,,
C,CS,MIS,13745,MPM Integration: Guar/Nok/Ptn Names from MT are being sent in wrong format,Completed,3,,"6.0C, 6.05C, 6.06C, 6.07C",0,"MIS.XIO.xi.query.hl7.focus, MIS.XIO.xo.format.hl7.lss",12/30/2014,MIS 809,6/12/2012,,Y,Y,Y,,,,
,CS,MIS,13747,IntMan: Allow MT user to place SENT/READ messages on HOLD,Completed,4,,"6.0C, 6.06C, 6.07C, 6.1C, 6.13C, 6.14C",0,MIS.XIO.im.infce.change.status,12/30/2014,MIS 810,10/10/2012,,Y,Y,,,,,
,CS,MIS,13759,"INFCE: delivery service should accept ""CA"", ""CE"", ""CR"" ACK codes for xo msgs",Completed,3,,"6.0C, 6.06C, 6.07C, 6.1C, 6.13C, 6.14C",0,MIS.X.DEL.TYPE.del.hl7mp,12/30/2014,MIS 811,6/23/2012,,Y,Y,,,,,
,CS,MIS,13760,"Add ""NTE Repeat"" field to MSG Generator for LAB Results MSGs",Completed,4,,"6.0C, 6.06C, 6.07C, 6.1C, 6.13C, 6.14C",0,MIS.XO.MSG.GEN.ee.msg.medinet.res,12/30/2014,MIS 861,10/21/2012,,Y,Y,,,,,
,CS,MIS,13778,INFCE: Unable to process escape characters for inbound LAB interfaces,Completed,4,,"6.0C, 6.06C, 6.07C, 6.1C, 6.13C, 6.14C",1,"MIS.XI.MSG.FILR.ee.msg.medinet, MIS.XI.MSG.FILR.ee.msg.medinet.res, MIS.XI.MSG.FILR.view.msg.medinet, MIS.XI.MSG.FILR.view.msg.medinet.res",12/30/2014,MIS 985,10/22/2012,,Y,Y,,,,,
C,CS,MIS,13784,INFCE: temp.var.c1.1 len. should be 30 not 20 to accom MIS.SUBSCRIBER.urn len.,Completed,3,,"6.0C, 6.05C, 6.06C, 6.07C",0,MIS.DICT.xo.mpm,12/30/2014,MIS 819,6/24/2012,,Y,Y,Y,,,,
,CS,MIS,13798,Inbox/Outbox:  missing generic utility to convert mtdd to HL7,Completed,3,,"6.0C, 6.06C, 6.07C, 6.1C, 6.13C, 6.14C",0,"MIS.XIO.mtdd.to.hl7, MIS.XO.MSG.GEN.ee.xo.msg.parameters",12/30/2014,MIS 862,7/1/2012,,Y,Y,,,,,
,CS,MIS,13800,"Inbox:  wizard doesn't handle msg type & DB for spec ""OTHER"" correctly",Completed,3,,"6.0C, 6.06C, 6.07C, 6.1C, 6.13C, 6.14C",0,"MIS.XIO.del.svc.dbs, MIS.XIO.wizard",12/30/2014,MIS 822,7/1/2012,,Y,Y,,,,,
,CS,MIS,13821,INFCE: MPM.RT.XXX S25 get appointment queries are returning all appointments,Completed,3,,"6.0C, 6.05C, 6.06C, 6.07C",0,MIS.XIO.xi.query.hl7.focus,12/30/2014,MIS 914,7/3/2012,,Y,Y,Y,,,,
,CS,MIS,13844,PRE CLI inbound from MPM filing a service date and time to MEDITECH,Completed,4,,"6.0C, 6.06C, 6.07C",0,MIS.XIO.xi.query.hl7.focus,12/30/2014,MIS 915,11/6/2012,,Y,Y,Y,,,,
,CS,MIS,13866,INFCE: Issue handling errors in response messages in eRx interface,Completed,3,,"6.0C, 6.07C, 6.1C, 6.13C, 6.14C",2,MIS.EDI.xi.file.ncpdp.rx,12/30/2014,MIS 1305,7/17/2012,,Y,Y,,,,,
,CS,MIS,13876,MIS: Filing active flag for DRG version results in opposite file on LSS side,Completed,3,,"6.0C, 6.06C, 6.07C, 6.1C, 6.13C, 6.14C",0,MIS.DRG.VERSION.ee,12/30/2014,MIS 832,7/22/2012,,Y,Y,Y,,,,
,CS,MIS,13882,INFCE: HTTP Delivery Type is sending invalid SOAP Headers,Completed,3,,"6.0C, 6.07C, 6.1C, 6.13C, 6.14C",1,MIS.XML.UTIL.format.soap.12,12/30/2014,MIS 1153,8/7/2012,,Y,Y,,Y,,,
,CS,MIS,13905,MPM Integration: Add SSL flag to Interface Wizard for delivery and tcp service,Completed,4,,"6.0C, 6.06C, 6.07C",1,"MIS.XIO.init.mpm, MIS.XIO.init.suite",12/30/2014,MIS 989,12/2/2012,,Y,Y,Y,,,,
,CS,MIS,13913,INFCE: XML extract attributes program can crash if value is in single quotes,Completed,3,,"6.0C, 6.07C, 6.1C, 6.13C, 6.14C",1,MIS.XML.UTIL.xml.extract.attributes,12/30/2014,MIS 1177,8/4/2012,,Y,Y,,Y,,,
,CS,MIS,13914,A report is not populating for FAIL-READ messages even though some exist,Completed,3,,"6.0C, 6.06C, 6.07C, 6.1C, 6.13C, 6.14C",0,"MIS.XIO.interface.manager, MIS.XIO.REPORT.run",12/30/2014,MIS 852,8/4/2012,,Y,Y,,,,,
,CS,MIS,13919,Text Query is Truncated when Message Passes over to LSS,Completed,3,,"6.0C, 6.06C, 6.07C",0,"MIS.XIO.xi.query.hl7.focus, MIS.XIO.xo.format.hl7.lss",12/30/2014,MIS 917,8/4/2012,,Y,Y,Y,,,,
,CS,MIS,13934,INFCE: HTTP Delivery Types can get stuck in an infinite loop when writing trap,Completed,3,Y,"6.0C, 6.06C, 6.07C, 6.1C, 6.13C, 6.14C",1,MIS.X.DEL.TYPE.del.http,12/30/2014,MIS 1020,8/12/2012,,Y,Y,,Y,,,
,CS,MIS,13971,Filing MIS.XIO.ACCESS through CMS deletes all other MIS dictionaries,Completed,2,,"6.0C, 6.05C, 6.06C, 6.07C, 6.1C, 6.13C, 6.14C",0,"MIS.XIO.ACCESS.convert, MIS.XIO.ACCESS.start.conversion",12/30/2014,MIS 893,7/4/2012,,Y,Y,,,,,
,CS,MIS,13981,INFCE - Phase 2 CCD interface requeues messages with no patient identifier,Completed,3,,"6.0C, 6.07C, 6.1C, 6.13C, 6.14C",1,MIS.XML.UTIL.xi.file.iti.45,12/30/2014,MIS 1240,8/21/2012,,Y,Y,,Y,,,
C,CS,MIS,13988,INFCE/CCD: MIS Event Queue Driver argument change can cause message corruption,Completed,1,,"6.0C, 6.05C, 6.06C, 6.07C, 6.1C, 6.13C, 6.14C",0,"MIS.XML.UTIL.xo.format.iti.18, MIS.XML.UTIL.xo.format.iti.41, MIS.XML.UTIL.xo.format.iti.43, MIS.XML.UTIL.xo.format.iti.45, MIS.XO.EVENT.Q.driver",12/30/2014,MIS 838,7/1/2012,,Y,Y,,Y,,,
,CS,MIS,13992,INFCE: Provider Name not formatting correctly with comma format,Completed,3,,"6.0C, 6.07C, 6.1C, 6.13C, 6.14C",3,MIS.XIO.name.hl7,12/30/2014,MIS 1545,9/1/2012,,Y,Y,,,,,
,CS,MIS,14016,MPM Integration: OM changes to formatting and filing,Completed,3,,"6.0C, 6.05C, 6.06C, 6.07C",0,MIS.XIO.xi.query.hl7.focus,12/30/2014,MIS 918,9/10/2012,,Y,Y,Y,,,,
,CS,MIS,14025,"IntMan backlogs:  scaled MSG GEN numbers showing up as decimals, not accurate",Completed,3,,"6.0C, 6.06C, 6.07C, 6.1C, 6.13C, 6.14C",2,"MIS.X.DEL.SVC.currency.status, MIS.X.DEL.SVC.ee.alert.params, MIS.X.DEL.SVC.ee.alert.thresholds, MIS.XI.MSG.FILR.currency.status, MIS.XI.MSG.FILR.ee, MIS.XI.MSG.FILR.ee.alert.thresholds, MIS.XIO.files.in.folder, MIS.XIO.im.currency, MIS.XO.MSG.GEN.currency.status, MIS.XO.MSG.GEN.ee.alert.params, MIS.XO.MSG.GEN.ee.alert.thresholds",12/30/2014,MIS 1306,9/10/2012,,Y,Y,,,,,
,CS,MIS,14045,"Changes to wizard run audit needed to reflect replacing ""DBS"" with ""CONFIG""",Completed,3,,"6.0C, 6.06C, 6.07C, 6.1C, 6.13C, 6.14C",0,"MIS.XIO.wizard.run.audit, MIS.XIO.wizard.run.audit.list",12/30/2014,MIS 839,9/10/2012,,Y,Y,,,,,
,CS,MIS,14090,Inbox:  message from M-AT:  manual queue/deliver fails in 3-tier,Completed,3,,"6.0C, 6.06C, 6.07C, 6.1C, 6.13C, 6.14C",2,MIS.XI.MSG.FILR.file.msg,12/30/2014,MIS 1274,9/24/2012,,Y,Y,,,,,
,CS,MIS,14138,Z03 messages can remove patient data and take too long to file,Completed,3,,"6.0C, 6.06C, 6.07C",0,MIS.XIO.xi.query.hl7.focus,12/30/2014,MIS 919,10/13/2012,,Y,Y,Y,,,,
C,CS,MIS,14154,INFCE: Temp files/structures not deleted when convert HL7 to M-AT (vice versa),Completed,3,,"6.0C, 6.06C, 6.07C, 6.1C, 6.13C, 6.14C",1,MIS.XI.MSG.xo.format.hl7.focus,12/30/2014,MIS 1184,10/13/2012,,Y,Y,,,Y,,
R,CS,MIS,14216,Outbox messages flowing to incorrect recipient,Completed,4,,"6.0C, 6.07C, 6.1C, 6.13C, 6.14C",1,MIS.XO.EVENT.Q.file,12/30/2014,MIS 1105,2/23/2013,,Y,Y,,,,,
,CS,MIS,14268,INFCE: CCD Consumer Fail-Reading for no response,Rejected,3,,"6.0R, 6.07R, 6.1R, 6.13R",,,12/30/2014,,,,,,,Y,,,
,CS,MIS,14288,INFCE: UNDEFINED message types never purge causing space issues,Completed,3,,"6.0C, 6.06C, 6.07C, 6.1C, 6.13C, 6.14C",1,"MIS.XI.MSG.purge, MIS.XO.MSG.purge",12/30/2014,MIS 1023,11/11/2012,,Y,Y,,,,,
,CS,MIS,14307,Message Filer Dict View routine has E/E popup,Completed,5,,"6.0C, 6.06C, 6.07C, 6.1C, 6.13C, 6.14C",1,"MIS.XI.MSG.FILR.ee, MIS.XI.MSG.FILR.view, MIS.XI.MSG.FILR.view.chrgs, MIS.XI.MSG.FILR.view.cms.nmap, MIS.XI.MSG.FILR.view.msg.medinet, MIS.XI.MSG.FILR.view.msg.medinet.res, MIS.XI.MSG.FILR.view.xi.msg.parameters, MIS.XI.MSG.FILR.view.xi.msg.parameters.ehr, MIS.XI.MSG.FILR.view.xi.msg.parameters.iti",12/30/2014,MIS 986,9/9/2013,,Y,Y,,,,,
,CS,MIS,14318,DR: Missing subscript at position 1 in pointer for DR.MIS.tmp.optional....,Completed,3,,"6.0C, 6.07C, 6.1C, 6.13C, 6.14C",2,MIS.XIO.init.rx,12/30/2014,MIS 1278,11/17/2012,,Y,Y,,,,,
,CS,MIS,14319,Use of internal delimiters in tables generated from HTML to MTDD,Completed,3,,"6.0C, 6.06C, 6.07C, 6.1C, 6.13C, 6.14C",1,MIS.XI.MSG.html.2.mtdd,12/30/2014,MIS 1114,11/18/2012,,Y,Y,,Y,,,
,CS,MIS,14339,INFCE: multiple messages per cancelled order are not sent,Completed,3,,"6.0C, 6.06C, 6.07C, 6.1C, 6.13C, 6.14C",1,MIS.XO.EVENT.Q.driver.pacs,12/30/2014,MIS 1186,11/23/2012,,Y,Y,,,,,
,CS,MIS,14351,DDP 16830: NHIN Direct XDR Outbound,Completed,3,,"6.0C, 6.07C, 6.1C, 6.13C, 6.14C",3,"MIS.XI.MSG.focus.get.event.oid, MIS.XIO.queue.iti.events, MIS.XML.PROTO.init, MIS.XML.UTIL.archive.cda, MIS.XML.UTIL.format.cda, MIS.XML.UTIL.format.soap.12, MIS.XML.UTIL.format.xd.metadata, MIS.XML.UTIL.get.cda.and.metadata.guids, MIS.XML.UTIL.oid.generator, MIS.XML.UTIL.queue.direct.email, MIS.XML.UTIL.soap.parse, MIS.XML.UTIL.xi.file.iti.41, MIS.XML.UTIL.xml.extract.namespaces, MIS.XML.UTIL.xo.format.iti.41, MIS.XML.UTIL.xo.format.smtp",12/30/2014,MIS 1451,,,Y,Y,,Y,,,
,CS,MIS,14354,DDP 16830: NHIN Direct XDR Inbound,Completed,3,Y,"6.0C, 6.07C, 6.1C, 6.13C, 6.14C",3,"MIS.XIO.url.decoding, MIS.XML.PROTO.ee, MIS.XML.PROTO.init, MIS.XML.UTIL.xi.file.iti.41.direct, MIS.XML.UTIL.xo.format.iti.41.response",12/30/2014,MIS 1452,,,Y,Y,,Y,,,
,CS,MIS,14362,INFCE: MIS.EDI.DATASET dictionary field Override inaccessible when type is MAP,Completed,3,,"6.0C, 6.06C, 6.07C, 6.1C, 6.13C, 6.14C",1,MIS.EDI.DATASET.ee,12/30/2014,MIS 1001,11/25/2012,,Y,Y,,,,,
,CS,MIS,14415,"Home Care not getting ACK for ORU messages, ACK are not formatted correctly",Completed,3,,"6.0C, 6.06C, 6.07C",1,MIS.XIO.file.vitals.hl7.2.focus.ptct,12/30/2014,MIS 1025,12/3/2012,,Y,Y,,,,,
,CS,MIS,14585,FTP Secure protocol support needed to deliver file to IMO,Completed,3,,"6.0C, 6.07C, 6.1C, 6.13C, 6.14C",1,Z.ftp.functions,12/30/2014,MIS 1242,,,Y,Y,,,,,
,CS,MIS,14610,FTP Secure connection ability,Completed,3,Y,"6.0C, 6.07C, 6.1C, 6.13C, 6.14C",1,"MIS.X.DEL.SVC.driver.ftp, MIS.X.DEL.SVC.ee.ftp, MIS.X.DEL.TYPE.del.ftp, MIS.X.DEL.TYPE.from.ftp",12/30/2014,MIS 1252,,,Y,Y,,,,,
,CS,MIS,14626,Network signon authentication disabled when UNV User refiled in Meditech,Completed,3,Y,"6.0C, 6.07C",1,MIS.DICT.xo.format.unv.user.mpm,12/30/2014,MIS 1188,1/28/2013,,Y,Y,Y,,,,
,CS,MIS,14639,INFCE: HL7 to M-AT hook program may not file all of HL7 field from message,Completed,3,,"6.0C, 6.07C, 6.1C, 6.13C, 6.14C",2,"MIS.XIO.hl7.to.focus, MIS.XIO.x.hook.hl7.to.focus.adt, MIS.XIO.x.hook.hl7.to.focus.empi, MIS.XIO.x.hook.hl7.to.focus.mfn, MIS.XIO.x.hook.hl7.to.focus.oru.monitor",12/30/2014,MIS 1326,2/1/2013,,Y,Y,,,,,
,CS,MIS,14645,GetVisitHx RT connection needs to pass date to M-AT list for HIM,Completed,3,Y,"6.0C, 6.05C, 6.06C, 6.07C",1,"MIS.XIO.xi.query.hl7.focus, MIS.XIO.xo.format.hl7.lss",12/30/2014,MIS 1212,1/29/2013,,Y,Y,Y,,,,
,CS,MIS,14648,INFCE - HTTP Interface Trap Code inconsistent with HL7 interfaces,Completed,3,,"6.0C, 6.07C, 6.1C, 6.13C, 6.14C",3,"MIS.X.DEL.TYPE.del.http, MIS.X.DEL.TYPE.read.http.protocol",12/30/2014,MIS 1525,1/27/2013,,Y,Y,,Y,,,
,CS,MIS,14727,Archive CDA for direct:  REQUEUE flag isn't cleared upon success after error,Completed,3,,"6.0C, 6.07C, 6.1C, 6.13C, 6.14C",1,MIS.XML.UTIL.archive.cda,12/30/2014,MIS 1139,2/12/2013,,Y,Y,,Y,,,
,CS,MIS,14732,DDP 16936: Modify Immunization wizard for Stage 2,Completed,3,Y,"6.0C, 6.07C, 6.1C, 6.13C, 6.14C",1,MIS.XIO.build.immunization.hl7,12/30/2014,MIS 1103,,,Y,Y,,,,,
,CS,MIS,14745,OM Orders: Error Messages not updating NPR inbox,Completed,3,Y,"6.0C, 6.06C, 6.07C, 6.1C, 6.13C, 6.14C",1,MIS.XIO.focus.om.to.hl7,12/30/2014,MIS 1107,2/18/2013,,Y,Y,,,,,
,CS,MIS,14746,"BAR Xfer, Lab/Rad Xfer: Guarantor employment status not being sent over in msg",Rejected,3,,"6.0R, 6.07R",,,12/30/2014,,2/22/2013,,,,,,,,
,CS,MIS,14763,Additional changes needed for NIST certification - ARRA Stage 2,Completed,3,,"6.0C, 6.07C, 6.1C, 6.13C, 6.14C",1,"MIS.X.QUERY.MAP.ee.query.adm, MIS.X.QUERY.MAP.ee.query.lab, MIS.X.UNIT.init, MIS.X.VALUE.SET.init.lri.acp, MIS.X.VALUE.SET.init.phvs, MIS.XIO.build.lab.res.arra, MIS.XIO.map",12/30/2014,MIS 1244,3/29/2013,,Y,Y,,Y,,,
,CS,MIS,14767,DDP 16936: Add new Value Set for Units of Measure,Completed,3,,"6.0C, 6.07C, 6.1C, 6.13C, 6.14C",1,"MIS.X.DICT.MAP.ee, MIS.X.VALUE.SET.init.phvs",12/30/2014,MIS 1102,,,Y,Y,,Y,,,
R,CS,MIS,14778,Support DDP 16813 - LSS Problem List Connections Update for ICD10 and IMO,Completed,3,,"6.0C, 6.07C",1,"MIS.XIO.init.mpm, MIS.XIO.xi.query.hl7.focus",12/30/2014,MIS 1159,,,Y,Y,Y,,,,
,CS,MIS,14802,INFCE: M-AT to HL7 Messages Have 2 CRLF's When Using Standard Transform Pgm,Completed,3,,"6.0C, 6.07C, 6.1C, 6.13C, 6.14C",2,MIS.XIO.focus.to.hl7,12/30/2014,MIS 1280,3/16/2013,,Y,Y,,,,,
R,CS,MIS,14850,INFCE: Retired Data Def causes MPM interface to crash,Completed,3,,"6.0C, 6.05C, 6.06C, 6.07C, 6.1C, 6.13C, 6.14C",2,MIS.RELAT.xo.format.hl7.mpm,12/30/2014,MIS 1260,3/16/2013,,Y,Y,Y,,,,
,CS,MIS,14881,CDA: Start Get Chart doesn't respect Opt Out query,Completed,4,,"6.0C, 6.07C",1,MIS.XML.UTIL.start.get.chart,12/30/2014,MIS 1197,7/27/2013,,Y,Y,,Y,,,
,CS,MIS,14898,"CDA: Change all narrative dates to Month D, YYYY format",Completed,3,,"6.0C, 6.07C, 6.1C, 6.13C, 6.14C",1,MIS.XIO.ehr.build.cda.data,12/30/2014,MIS 1155,3/25/2013,,Y,Y,,Y,,,
,CS,MIS,14904,"Value Sets: Remove standard Value Set entries and resolve ""PerferredLanguage""",Completed,3,,"6.0C, 6.07C, 6.1C, 6.13C, 6.14C",1,"MIS.X.VALUE.SET.init.cda, MIS.X.VALUE.SET.init.fips, MIS.X.VALUE.SET.init.hl7, MIS.X.VALUE.SET.init.iso6392, MIS.X.VALUE.SET.init.lri.acp, MIS.X.VALUE.SET.init.nucc, MIS.X.VALUE.SET.init.other, MIS.X.VALUE.SET.init.phvs, MIS.X.VALUE.SET.init.snomed.nonnom, MIS.X.VALUE.SET.init.ucum",12/30/2014,MIS 1198,4/1/2013,,Y,Y,,Y,,,
,CS,MIS,14924,CDA: XML extraction utilities don't handle white space,Completed,3,,"6.0C, 6.07C, 6.1C, 6.13C, 6.14C",1,"MIS.XIO.unpack.elements.xml, MIS.XML.UTIL.xml.extract.attributes, MIS.XML.UTIL.xml.unpack",12/30/2014,MIS 1178,4/1/2013,,Y,Y,,Y,,,
,CS,MIS,14930,CDA: Miscellaneous Certification Issues,Completed,3,,"6.0C, 6.07C, 6.1C, 6.13C, 6.14C",1,"MIS.X.OBJECT.init, MIS.XIO.ehr.build.cda.data, MIS.XIO.ehr.test.message.format.hash, MIS.XML.UTIL.extract.discrete.cda, MIS.XML.UTIL.format.cda",12/30/2014,MIS 1216,4/5/2013,,Y,Y,,Y,,,
,CS,MIS,14937,CDA: Ethnicity not appearing in 6.1x,Completed,3,Y,"6.0C, 6.07C, 6.1C, 6.13C, 6.14C",1,"MIS.XIO.ehr.build.cda.data, MIS.XML.UTIL.format.cda, MIS.XML.UTIL.iti.wizard",12/30/2014,MIS 1217,4/5/2013,,Y,Y,,Y,,,
,CS,MIS,14938,ARRA II DDP 17117: Generator modifications to support order msg for LAB Result,Completed,3,,"6.0C, 6.07C, 6.1C, 6.13C, 6.14C",1,"MIS.XIO.build.lab.res.arra, MIS.XO.MSG.GEN.ee.msg.medinet.res",12/30/2014,MIS 1245,4/5/2013,,Y,Y,,,,,
,CS,MIS,14940,CDA: List elements are not properly converted to MTDD for ITS reports,Rejected,4,,"6.0R, 6.07R, 6.1R, 6.13R",,,12/30/2014,,9/9/2013,,,,,Y,,,
,CS,MIS,14950,CDA: Individual Section View can crash returning to RAD,Completed,3,Y,"6.0C, 6.07C, 6.1C, 6.13C, 6.14C",2,MIS.XML.UTIL.get.cda.for.view.npr,12/30/2014,MIS 1363,4/5/2013,,Y,Y,,Y,,,
,CS,MIS,14957,CDA: Smoking Status displayed in Social History narrative is not most recent,Completed,3,,"6.0C, 6.07C, 6.1C, 6.13C, 6.14C",1,MIS.XIO.ehr.build.cda.data,12/30/2014,MIS 1218,4/5/2013,,Y,Y,,Y,,,
,CS,MIS,14981,DDP 16837: CDA Individual Section View in mobile,Completed,3,,"6.0C, 6.07C, 6.1C, 6.13C, 6.14C",3,"MIS.RT.INTEG.svc.req, MIS.XML.UTIL.get.cda.for.view.mobile",12/30/2014,MIS 1446,,,Y,Y,,Y,,,
,CS,MIS,14999,Syndromic Surveillance: Issue with Diagnoses,Completed,3,,"6.0C, 6.07C",1,MIS.XIO.xo.format.synd.surv.hl7,12/30/2014,MIS 1200,4/12/2013,,Y,Y,,,Y,,
,CS,MIS,15017,CDA:  Manual Import routine missing footer button to launch search/link,Completed,3,,"6.0C, 6.07C, 6.1C, 6.13C, 6.14C",1,MIS.XML.UTIL.cda.import.manual,12/30/2014,MIS 1204,4/16/2013,,Y,Y,,Y,,,
,CS,MIS,15027,"IntMan:  msg reports with Content = ""Both"" being excluded from ConnMan, IntMan",Completed,3,,"6.0C, 6.07C, 6.1C, 6.13C, 6.14C",2,MIS.XIO.REPORT.process,12/30/2014,MIS 1285,4/16/2013,,Y,Y,,,,,
,CS,MIS,15031,CDA: Miscellaneous Certification Issues (part 2),Completed,3,,"6.0C, 6.07C, 6.1C, 6.13C, 6.14C",1,"MIS.XIO.ehr.build.cda.data, MIS.XIO.install.cda.style.sheet, MIS.XIO.unpack.elements.xml, MIS.XML.PROTO.init, MIS.XML.UTIL.extract.discrete.cda, MIS.XML.UTIL.format.cda, MIS.XML.UTIL.format.cda.to.focus, MIS.XML.UTIL.normalize.buffer, MIS.XML.UTIL.xml.unpack",12/30/2014,MIS 1238,5/3/2013,,Y,Y,,Y,,,
,CS,MIS,15049,Initializing Recipient dictionary removes previous setup for Standard entries,Completed,3,,"6.0C, 6.07C, 6.1C, 6.13C, 6.14C",3,MIS.XO.RECIP.init,12/30/2014,MIS 1436,4/22/2013,,Y,Y,,,,,
,CS,MIS,15055,"CDA: Raw XML attachment not ""human readable""",Completed,3,,"6.0C, 6.07C, 6.1C, 6.13C, 6.14C",1,"MIS.XML.UTIL.xo.format.smtp, Z.smtp.send.mail",12/30/2014,MIS 1248,4/22/2013,,Y,Y,,Y,,,
,CS,MIS,15062,INFCE: Z03 messages from LSS clearing out patient data for existing patients,Completed,3,,"6.0C, 6.07C",3,MIS.XIO.xi.query.hl7.focus,12/30/2014,MIS 1439,5/5/2013,,Y,Y,Y,,,,
,CS,MIS,15093,"DDP 15910: SSL Delivery Service Algorithms, Protocols & Options",Completed,3,Y,"6.0C, 6.07C, 6.1C, 6.13C, 6.14C",2,"MIS.X.DEL.SVC.ee.ip, MIS.X.DEL.SVC.ee.ip.multi, MIS.X.DEL.SVC.ee.ip.web, MIS.X.DEL.SVC.ssl, MIS.X.DEL.TYPE.del.ansi270, MIS.X.DEL.TYPE.del.hl7cm, MIS.X.DEL.TYPE.del.hl7mp, MIS.X.DEL.TYPE.del.hl7mp.seq, MIS.X.DEL.TYPE.del.http, MIS.X.DEL.TYPE.from.ansi271, MIS.X.DEL.TYPE.from.hl7mp, MIS.X.DEL.TYPE.from.hl7mp.seq, MIS.X.SSL.ALG.ee, MIS.X.SSL.ALG.init, MIS.X.SSL.ALG.view, MIS.X.SSL.OPT.ee, MIS.X.SSL.OPT.init, MIS.X.SSL.OPT.view, MIS.X.SSL.PROTO.ee, MIS.X.SSL.PROTO.init, MIS.X.SSL.PROTO.view, ~.tool.box.interface.menu, ~.tool.box.interface.ssl.alg.menu, ~.tool.box.interface.ssl.flag.menu, ~.tool.box.interface.ssl.menu, ~.tool.box.interface.ssl.proto.menu",12/30/2014,MIS 1346,,,Y,Y,,Y,,,
,CS,MIS,15108,INFCE - CCD PDQ Response messages fails due to invalid zip code,Completed,3,,"6.0C, 6.07C, 6.1C, 6.13C, 6.14C",3,"MIS.XIO.ehr.consumer.dispatch, MIS.XML.PROTO.init",12/30/2014,MIS 1514,5/5/2013,,Y,Y,,Y,,,
,CS,MIS,15115,INFCE - Message Generator Sending Facility ID Map cannot hold OIDs,Completed,3,,"6.0C, 6.07C, 6.1C, 6.13C, 6.14C",3,"MIS.XO.MSG.GEN.ee.xo.msg.parameters, MIS.XO.MSG.GEN.ee.xo.msg.parameters.ansi, MIS.XO.MSG.GEN.ee.xo.msg.parameters.iti.hl7",12/30/2014,MIS 1388,5/12/2013,,Y,Y,,Y,,,
,CS,MIS,15117,3/28: Patient Reservation Date Fails to Match MEDITECH upon BAR Forwarding,Completed,3,,"6.0C, 6.07C",3,MIS.XIO.xi.query.hl7.focus,12/30/2014,MIS 1440,5/12/2013,,Y,Y,Y,,,,
,CS,MIS,15122,CDA:  Ethnicity not appearing in 6.1x,Completed,3,,"6.0C, 6.07C, 6.1C, 6.13C, 6.14C",1,MIS.XML.UTIL.format.cda,12/30/2014,MIS 1239,5/6/2013,,Y,Y,,Y,,,
,CS,MIS,15128,Online Help - Edits to Sender and Recip and Msg Type - New Lab Wiz Help,Completed,4,,"6.0C, 6.07C, 6.1C, 6.13C, 6.14C",2,,12/30/2014,MIS 1286,9/9/2013,,Y,Y,,,,,
,CS,MIS,15161,DDP 17117: Changes needed for NIST Stage 2 Certification,Completed,3,,"6.0C, 6.07C, 6.1C, 6.13C, 6.14C",2,"MIS.X.VALUE.SET.init.lri.acp, MIS.XIO.pack.fields.hl7",12/30/2014,MIS 1309,5/20/2013,,Y,Y,,Y,,,
,CS,MIS,15214,INFCE - DocumentEntryType is not sent in ITI-18 messages,Completed,3,,"6.0C, 6.07C, 6.1C, 6.13C, 6.14C",3,"MIS.XML.PROTO.init, MIS.XML.UTIL.xo.format.iti.18",12/30/2014,MIS 1515,5/28/2013,,Y,Y,,Y,,,
,CS,MIS,15215,INFCE - ITI-45 message filer cannot parse messages with non-nil namespaces,Completed,3,,"6.0C, 6.07C, 6.1C, 6.13C, 6.14C",3,MIS.XML.PROTO.init,12/30/2014,MIS 1516,5/27/2013,,Y,Y,,Y,,,
,CS,MIS,15250,CDA consume:  sending bad allergy record to EMR when there are no allergies,Completed,3,,"6.0C, 6.07C, 6.1C, 6.13C, 6.14C",2,MIS.XML.UTIL.extract.discrete.cda,12/30/2014,MIS 1316,5/31/2013,,Y,Y,,Y,,,
,CS,MIS,15275,EMPI interface crashes after HIM 3119,Completed,3,Y,"6.0C, 6.07C, 6.1C, 6.13C, 6.14C",3,MIS.XI.MSG.focus.get.patient.info,12/30/2014,MIS 1453,6/2/2013,,Y,Y,,,,,
R,CS,MIS,15283,"CDA:  allergy narrative - if no severity, should be blank, not ""Unknown""",Completed,3,,"6.0C, 6.07C, 6.1C, 6.13C, 6.14C",2,MIS.XIO.ehr.build.cda.data,12/30/2014,MIS 1317,6/2/2013,,Y,Y,,Y,,,
,CS,MIS,15292,INFCE: ITI-45 Filer not handling Acknowledgement msgs properly,Rejected,3,,"6.0R, 6.07R, 6.1R, 6.13R",,,12/30/2014,,,,,,,Y,,,
,CS,MIS,15328,"Inbox/Outbox:  Message Type View routine shows wrong help for ""Hook Points"" pg",Completed,3,,"6.0C, 6.07C, 6.1C, 6.13C, 6.14C",2,MIS.X.MSG.TYPE.view,12/30/2014,MIS 1334,6/16/2013,,Y,Y,,,,,
,CS,MIS,15339,Ins detail from ins dict should file to ADM if Other flag in Ins dict is No,Rejected,3,,"6.0R, 6.07R",,,12/30/2014,,7/8/2013,,,,,,,,
,CS,MIS,15348,Unable to deliver a FTP file,Completed,3,,"6.0C, 6.07C, 6.1C, 6.13C, 6.14C",2,MIS.X.DEL.TYPE.del.ftp,12/30/2014,MIS 1342,6/23/2013,,Y,Y,,,,,
,CS,MIS,15352,"Changes to ARRA Syn Wizard, ARRA LAB Wizard, and Value Set Initialization",Completed,3,,"6.0C, 6.07C, 6.1C, 6.13C, 6.14C",3,"MIS.X.VALUE.SET.init, MIS.X.VALUE.SET.init.ccda, MIS.X.VALUE.SET.init.cda, MIS.X.VALUE.SET.init.cncr.loinc, MIS.X.VALUE.SET.init.cncr.snomed, MIS.X.VALUE.SET.init.fips, MIS.X.VALUE.SET.init.hcpcs, MIS.X.VALUE.SET.init.hitsp, MIS.X.VALUE.SET.init.hl7, MIS.X.VALUE.SET.init.hl7.cncr, MIS.X.VALUE.SET.init.hl7.imm, MIS.X.VALUE.SET.init.iso6392, MIS.X.VALUE.SET.init.lri.acp, MIS.X.VALUE.SET.init.naaccr, MIS.X.VALUE.SET.init.nucc, MIS.X.VALUE.SET.init.nuuc, MIS.X.VALUE.SET.init.other, MIS.X.VALUE.SET.init.phdsc, MIS.X.VALUE.SET.init.phvs, MIS.X.VALUE.SET.init.snomed.nonnom, MIS.X.VALUE.SET.init.tnm.7, MIS.X.VALUE.SET.init.ucum, MIS.X.VALUE.SET.init.us.census, MIS.XIO.build.lab.res.arra, MIS.XIO.build.syndromic.surveillance",12/30/2014,MIS 1526,7/1/2013,,Y,Y,,Y,,,
,CS,MIS,15369,Inbound Delivery Service can create multiple Inbox Messages from same file,Completed,3,,"6.0C, 6.07C, 6.1C, 6.13C, 6.14C",3,MIS.X.DEL.TYPE.from.folder,12/30/2014,MIS 1467,8/4/2013,,Y,Y,,,,,
,CS,MIS,15380,Unable To Receive FTP Files for MM EDI,Completed,3,,"6.0C, 6.07C, 6.1C, 6.13C, 6.14C",2,MIS.X.DEL.TYPE.from.ftp,12/30/2014,MIS 1343,7/9/2013,,Y,Y,,,,,
,CS,MIS,15394,Erx 10.6 message has incorrect UTC time format for Medical History Messages,Completed,3,,"6.0C, 6.07C, 6.1C, 6.13C, 6.14C",3,MIS.EDI.xo.format.ncpdp.rx,12/30/2014,MIS 1426,7/23/2013,,Y,Y,,,,,
,CS,MIS,15400,IMMUN Hook program changes,Completed,3,Y,"6.0C, 6.07C, 6.1C, 6.13C, 6.14C",3,"MIS.XIO.build.immunization.hl7, MIS.XIO.focus.immun.to.hl7",12/30/2014,MIS 1438,7/15/2013,,Y,Y,,,Y,,
,CS,MIS,15426,INFCE: ZIN and ZCD segments are getting overwritten due to DTS CS MIS 13919,Completed,3,,"6.0C, 6.07C",3,"MIS.XIO.xi.query.hl7.focus, MIS.XIO.xo.format.hl7.lss",12/30/2014,MIS 1441,7/19/2013,,Y,Y,Y,,,,
,CS,MIS,15453,Syndromic Surveillance: Do not remove trailing zeroes from diagnosis codes,Completed,3,,"6.0C, 6.07C",2,MIS.XIO.xo.format.synd.surv.hl7,12/30/2014,MIS 1373,7/27/2013,,Y,Y,,,Y,,
,CS,MIS,15458,Pt Rel to Guar not pulling info from MT side from existing acct,Completed,3,,"6.0C, 6.07C",3,MIS.XIO.xi.query.hl7.focus,12/30/2014,MIS 1442,7/27/2013,,Y,Y,Y,,,,
,CS,MIS,15463,"DDP 16538: Value Sets - ""Import"" function",Completed,3,,"6.0C, 6.07C, 6.1C, 6.13C, 6.14C",2,"MIS.X.VALUE.SET.ee, MIS.X.VALUE.SET.import",12/30/2014,MIS 1375,,,Y,Y,,Y,,,
,CS,MIS,15501,Online Help: Update Value Set Dx and Create Import Screen Help,Completed,5,Y,"6.0C, 6.07C, 6.1C, 6.13C, 6.14C",3,,12/30/2014,MIS 1385,,,Y,Y,,,,,
,CS,MIS,15521,"Add new dictionary maps for Route, Site, and Manufacturer",Completed,3,,"6.0C, 6.07C, 6.1C, 6.13C, 6.14C",3,"MIS.X.DICT.MAP.ee, MIS.X.VALUE.SET.init.phvs",12/30/2014,MIS 1431,8/17/2013,,Y,Y,,Y,,,
,CS,MIS,15530,FTP delivery service unable to deliver file,Completed,3,,"6.0C, 6.07C, 6.1C, 6.13C, 6.14C",3,MIS.X.DEL.TYPE.del.ftp,12/30/2014,MIS 1477,8/12/2013,,Y,Y,,,,,
,CS,MIS,15533,ZOV|7 empty in PROB QRY QRY^Z06 Real-Time message (hosp. prob. mnemonic disp.),Completed,3,,"6.0C, 6.07C",3,MIS.XIO.xi.query.hl7.focus,12/30/2014,MIS 1443,8/19/2013,,Y,Y,Y,,,,
,CS,MIS,15567,OM Errors not updating NPR message correctly,6.1-Reclass,4,Y,"6.1r, 6.13r",,"MIS.XI.MSG.view.log, MIS.XIO.focus.om.to.hl7",1/21/2015,,12/17/2013,,,,,,,,
,CS,MIS,15571,DDP 16830: Web Service Infrastructure,Completed,3,Y,"6.0C, 6.07C, 6.1C, 6.13C, 6.14C",3,"MIS.URL.ENDPT.ee, MIS.URL.ENDPT.list, MIS.URL.ENDPT.view, MIS.X.DEL.TYPE.http.synch.server, MIS.X.DEL.TYPE.read.http.protocol, MIS.XIO.http.header, MIS.XIO.service.http, MIS.XML.PROTO.init, MIS.XML.UTIL.format.soap.12.response, MIS.XML.UTIL.mime.parse, MIS.XML.UTIL.soap.validate.request, MIS.XML.UTIL.xml.extract.namespaces, MIS.XML.UTIL.xml.unpack, MIS.XS.ee, ~.tcp.services.menu, ~.tool.box.url.endpoint.menu",12/30/2014,MIS 1456,,,Y,Y,,Y,,,
,CS,MIS,15581,(DDP 17240) Send Diagnosis Codes to LSS in RT Z09 Get Medications message,Completed,3,,"6.0C, 6.07C",3,MIS.XIO.xi.query.hl7.focus,12/30/2014,MIS 1444,,,Y,Y,Y,,,,
,CS,MIS,15639,DDP 16830: NHIN Direct XDM Support,Completed,3,,"6.0C, 6.07C, 6.1C, 6.13C, 6.14C",3,"MIS.XML.UTIL.get.cda.guid, MIS.XML.UTIL.xo.format.iti.41, MIS.XML.UTIL.xo.format.smtp",12/30/2014,MIS 1457,,,Y,Y,,Y,,,
,CS,MIS,15646,Resolve DR Parser Warning for MIS.XO.MSG.GEN.ee,Completed,4,,"6.0C, 6.07C, 6.1C, 6.13C, 6.14C",3,MIS.XO.MSG.GEN.ee,12/30/2014,MIS 1469,1/26/2014,,Y,Y,,,,,
,CS,MIS,15661,System Status Board:  long compile times when M-AT outbound never ran,Completed,3,Y,"6.0C, 6.07C, 6.1C, 6.13C, 6.14C",3,MIS.XIO.currency,12/30/2014,MIS 1481,9/14/2013,,Y,Y,,,,,
,CS,MIS,15725,HIM EMPI Params not flowing to NPR in 6.07,Rejected,3,,6.07R,,,12/30/2014,,,,,,,,,,
,CS,MIS,15729,INFCE: XDR Issues,Completed,3,,"6.0C, 6.07C, 6.1C, 6.13C, 6.14C",3,"MIS.X.DEL.TYPE.del.http, MIS.X.DEL.TYPE.read.http.protocol, MIS.XIO.unpack.elements.xml, MIS.XML.UTIL.build.object, MIS.XML.UTIL.mime.parse, MIS.XML.UTIL.xi.file.iti.41.direct, MIS.XML.UTIL.xo.format.iti.41",12/30/2014,MIS 1527,11/11/2013,,Y,Y,,Y,,,
,CS,MIS,15737,Include DR capture for MIS.XO.RECIP and MIS.XI.SENDER,Completed,3,Y,"6.0C, 6.07C, 6.1C, 6.13C, 6.14C",3,,12/30/2014,MIS 1491,10/6/2013,,Y,Y,,,,,
,CS,MIS,15739,FTP delivery service unable to deliver file,Completed,3,,"6.0C, 6.07C, 6.1C, 6.13C, 6.14C",3,"MIS.X.DEL.SVC.ee.ftp, MIS.X.DEL.TYPE.del.ftp",12/30/2014,MIS 1494,10/15/2013,,Y,Y,,,,,
,CS,MIS,15796,FTP Delivery Service: Unable to establish EPSV or PASV mode,Completed,3,,"6.0C, 6.07C, 6.1C, 6.13C, 6.14C",3,MIS.X.DEL.TYPE.del.ftp,12/30/2014,MIS 1495,10/21/2013,,Y,Y,,,,,
,CS,MIS,15890,INFCE - ITI-41 sending invalid coded pregnancy information,Completed,3,,"6.0C, 6.07C, 6.1C, 6.13C, 6.14C",3,"MIS.XIO.ehr.build.cda.data, MIS.XML.UTIL.format.cda",12/30/2014,MIS 1548,11/16/2013,,Y,Y,,Y,,,
,CS,MIS,15943,INFCE: XDR Issues (part 2),Completed,3,,"6.0C, 6.07C, 6.1C, 6.13C, 6.14C",3,"MIS.X.DEL.TYPE.http.synch.server, MIS.XIO.http.header, MIS.XML.UTIL.cda.check, MIS.XML.UTIL.format.cda, MIS.XML.UTIL.format.mime.10, MIS.XML.UTIL.soap.parse, MIS.XML.UTIL.xo.format.iti.41, MIS.XML.UTIL.xo.format.iti.41.response",12/30/2014,MIS 1549,12/2/2013,,Y,Y,,Y,,,
,CS,MIS,15977,"(Inpt Summary CCD) Reason for Visit displays as one line, rather than multiple",Completed,4,,"6.0C, 6.07C, 6.1C, 6.13C, 6.14C",3,MIS.XIO.ehr.build.cda.data,12/30/2014,MIS 1550,4/1/2014,,Y,Y,,Y,,,
,CS,MIS,15990,INFCE - ITI-41 HCIS OID incorrect due to invalid MRI DB mnemonic,Rejected,3,,"6.0R, 6.05R, 6.06R, 6.07R, 6.13R",,,12/30/2014,,12/7/2013,,,,,Y,,,
,CS,MIS,16089,"CCD ""languageCode"" Mapping Incomplete In XLS File",Rejected,3,,"6.0R, 6.07R, 6.1R, 6.13R, 6.14R",,,12/30/2014,,,,,,,Y,,,
,CS,MIS,16119,Generate alerts for FAIL-READ and READ-WARN,Rejected,3,,"6.0R, 6.07R, 6.1R, 6.13R",,,12/30/2014,,,,,,,,,,
,CS,MIS,16132,INFCE - ARCHIVE.CDA job can crash while parsing Intent Record,Rejected,0,,"6.0R, 6.05R, 6.06R, 6.07R, 6.1R, 6.13R",,,12/30/2014,,,,,,,Y,,,
,CS,MIS,16645,INFCE: Provider's credential is not populated on PV1|7.1.7,Rejected,3,,6.07R,,,1/8/2015,,,,,,,,,,
,CS,MIS,16817,INFCE: TCPIP.SSL Delivery type screen logic does not display everything,Rejected,3,,6.07R,,,12/30/2014,,,,,,,,,,
,CS,MIS,16923,INFCE: Database Performance issues with MPM.XI filer driver code,Rejected,3,,"6.0R, 6.06R, 6.07R",,,1/12/2015,,,,,,,,,,
,CS,MIS,16977,CCD: Include HomeCommunityID in outbound ITI-43,Rejected,3,,6.07R,,,12/30/2014,,12/18/2014,,,,,Y,,,
,CS,MIS,17089,Social Security Number for Immunizations for IRIS,Reclass,3,,6.07r,,,12/30/2014,,,,,,,,,,
,CS,MIS,17183,INFCE - Allow customization of EVN|7 for syndromic messages,Rejected,3,,6.07R,,,12/30/2014,,,,,,,,Y,,
,CS,MIS,17203,INFCE: ITI Wizard XML and Dictionary enchancements,Rejected,3,,6.07R,,,12/30/2014,,,,,,,Y,,,
,CS,MIS,17228,INFCE: ITI Wizard XML and Dictionary Setup,Rejected,3,,6.07R,,,12/30/2014,,,,,,,Y,,,
,CS,MIS,17280,INFCE: Chief Complaint and Reason for Visit header tags being switched,Rejected,3,,"6.0R, 6.07R, 6.1R, 6.13R, 6.14R, 6.15R",,,12/30/2014,,,,,,,,Y,,
,CS,MIS,17284,CDA: Inbound Direct Filing: Check for CCD when receiving plain text,6.1-Rejected,3,,6.15R,,,1/21/2015,,9/18/2014,,,,,Y,,,
,CS,MIS,17298,"INFCE: Allow sites to send MRN for CCD Exchange (44,45,41)",Rejected,0,,6.07R,,,12/30/2014,,,,,,,,,,
,CS,MIS,17323,INFCE: Mapping Utility should result ERROR if the Entry is not being mapped,Rejected,0,,6.07R,,,12/30/2014,,,,,,,,Y,,
,CS,MIS,17416,"IHE ITI: OID & Patient Identifier Vendor Flexibility (ITI-44, ITI-45)",Rejected,3,,"6.0R, 6.07R, 6.1R, 6.13R, 6.14R, 6.15R",,,12/30/2014,,,,,,,Y,,,
,CS,MIS,17490,DG1 segement blank when IMO codes not passed in from EDM,Rejected,3,,6.07R,,,12/30/2014,,,,,,,,Y,,
,CS,MIS,17498,INFCE: XDR Inbound unable to import CCD when mimeType is application/xml,Rejected,3,,"6.07R, 6.13R",,,12/30/2014,,,,,,,Y,,,
,CS,MIS,17592,Middle Name missing from style sheet view of CCD,Rejected,3,,"6.0R, 6.07R, 6.1R, 6.13R, 6.14R, 6.15R",,,12/30/2014,,,,,,,Y,,,
,CS,MIS,17618,INFCE - Immunization interface's accept acknowledgement type is hardcoded,Rejected,3,,"6.0R, 6.07R, 6.13R, 6.14R",,,12/30/2014,,,,,,,,Y,,
,CS,MIS,17643,INFCE: Parameterize Message Profile Identifier Namespace ID,Rejected,3,,"6.0R, 6.07R, 6.1R, 6.13R",,,12/30/2014,,,,,,,,Y,,
,CS,MIS,17836,MG MRI Full Demo Infce for Migrations Fail-Reading in the MGMRIFULLDEMO Inbox,6.1-Rejected,3,,"6.1R, 6.13R, 6.14R, 6.15R",,,1/21/2015,,,,,,,,,,
,CS,MIS,17842,INFCE: Nested MIME boundaries with content-type of mulipart incorrectly parsed,Rejected,3,,"6.0R, 6.07R, 6.1R, 6.13R, 6.14R, 6.15R",,,12/30/2014,,3/19/2015,,,,,Y,,,
,CS,MIS,17865,INFCE: Memory Leak in the ITI Filer,Rejected,3,,"6.0R, 6.07R, 6.1R, 6.13R, 6.14R",,,12/30/2014,,,,,,,Y,,,
,CS,MIS,17933,INFCE: Memory Leak in the HTTP Delivery Program,Rejected,3,,"6.0R, 6.07R, 6.1R, 6.13R, 6.14R",,,12/30/2014,,,,,,,Y,,,
,CS,MIS,18047,MFN: User Name Sent Incorrectly In STF|4,Reclass,3,,"6.0r, 6.07r, 6.1r, 6.13r, 6.14r, 6.15r",,,1/20/2015,,,,,,,,,,
,CS,MIS,18059,"CCD: Medication Route Mnemonic Displayed, Not Description",Reclass,3,,6.07r,,,1/21/2015,,,,,,,,,,
,CS,MRI,4103,INFCE: HC - Allergy Updates fail because of missing memory buffer reference.,Completed,3,,"6.0C, 6.05C, 6.06C, 6.07C, 6.1C, 6.13C, 6.14C",0,MRI.PAT.xi.file.hl7.lss,12/30/2014,MRI 36,4/19/2011,,Y,Y,Y,,,,
,CS,MRI,4113,MPM Integration: NTE|5 missing delimiters when sending components to M-AT OM,Completed,4,,"6.0C, 6.05C, 6.06C, 6.07C, 6.1C, 6.12C, 6.13C, 6.14C",0,MRI.PAT.xi.file.hl7.lss,12/30/2014,MRI 40,8/31/2011,,Y,Y,Y,,,,
,CS,MRI,4177,"If Date query mapped to MT, date not recall after date sent from MT to LSS",Completed,3,,"6.0C, 6.06C, 6.07C",0,MRI.PAT.xi.file.hl7.lss,12/30/2014,MRI 50,7/8/2011,,Y,Y,Y,,,,
,CS,MRI,4234,INFCE - Send suffix edits for MPM.XI ADT A08 events to HIM,Completed,3,,"6.0C, 6.05C, 6.06C, 6.07C, 6.1C, 6.12C, 6.13C, 6.14C",0,MRI.PAT.xi.file.hl7.lss,12/30/2014,MRI 60,8/22/2011,,Y,Y,Y,,,,
,CS,MRI,4238,Blank expired flag not being updated in MT HCIS,Completed,3,,"6.0C, 6.05C, 6.06C, 6.07C, 6.1C, 6.12C, 6.13C, 6.14C",0,MRI.PAT.xi.file.hl7.lss,12/30/2014,MRI 61,8/23/2011,,Y,Y,Y,,,,
,CS,MRI,4338,MPM Integration: Order source entered in MPM does not flow to LAB,Completed,3,Y,"6.0C, 6.05C, 6.06C, 6.07C, 6.1C, 6.12C, 6.13C, 6.14C",0,"MRI.PAT.xi.file.hl7.lss, MRI.PAT.xo.format.hl7.lss",12/30/2014,MRI 82,11/19/2011,,Y,Y,Y,,,,
,CS,MRI,4345,MPM Integration: GetChart - Send Report Source with Reponse Message,Completed,3,Y,"6.0C, 6.05C, 6.06C, 6.07C, 6.1C, 6.13C, 6.14C",0,MRI.PAT.xo.format.hl7.lss,12/30/2014,MRI 84,2/7/2012,,Y,Y,Y,,,,
C,CS,MRI,4411,MPM Integration: GetChart - Send Visit Date/Time with Response Message,Completed,3,Y,"6.0C, 6.05C, 6.06C, 6.07C, 6.1C, 6.13C, 6.14C",0,MRI.PAT.xo.format.hl7.lss,12/30/2014,MRI 97,2/4/2012,,Y,Y,Y,,,,
R,CS,MRI,4431,INFCE: Fix Drug names for MPM over 80 characters that do not transfer to /HL7,Completed,3,,"6.0C, 6.05C, 6.06C, 6.07C",0,MRI.PAT.xo.format.hl7.lss,12/30/2014,MRI 105,2/18/2012,,Y,Y,Y,,,,
,CS,MRI,4463,INFCE: BAR To LSS events not generating due to lack of database,Completed,3,,"6.0C, 6.05C, 6.06C, 6.07C",0,MRI.PAT.xi.file.hl7.lss,12/30/2014,MRI 109,3/20/2012,,Y,Y,Y,,,,
,CS,MRI,4475,Allow medication messages to have different descriptions,Completed,4,,"6.0C, 6.05C, 6.06C, 6.07C, 6.1C, 6.13C, 6.14C",0,MRI.PAT.xi.file.hl7.lss,12/30/2014,MRI 113,7/25/2012,,Y,Y,Y,,,,
,CS,MRI,4507,MPM Integration: Confidential flag shared in wrong field,Completed,3,,"6.0C, 6.05C, 6.06C, 6.07C",0,MRI.PAT.xi.file.hl7.lss,12/30/2014,MRI 118,5/1/2012,,Y,Y,Y,,,,
C,CS,MRI,4539,MPM Integration: Guar/Nok/Ptn Names from LSS not updating HIM correctly,Completed,3,Y,"6.0C, 6.05C, 6.06C, 6.07C",0,MRI.PAT.xi.file.hl7.lss,12/30/2014,MRI 124,5/28/2012,,Y,Y,Y,,,,
R,CS,MRI,4566,MPM Integration: OM changes to formatting and filing,Completed,3,Y,"6.0C, 6.05C, 6.06C, 6.07C",0,"MRI.PAT.xi.file.hl7.lss, MRI.PAT.xo.format.hl7.lss",12/30/2014,MRI 127,6/17/2012,,Y,Y,Y,,,,Required for FOC OM 3692
,CS,MRI,4617,Other Names Removed from LSS Edit MPI not Removed in MT HIM,Completed,3,,"6.0C, 6.06C, 6.07C",0,MRI.PAT.xi.file.hl7.lss,12/30/2014,MRI 150,7/16/2012,,Y,Y,Y,,,,
,CS,MRI,4645,INFCE - CCD Supplier interface can return the wrong patient,Completed,3,,"6.0C, 6.07C, 6.1C, 6.13C, 6.14C",2,MRI.PAT.xi.query.hl7.v3,12/30/2014,MRI 181,8/20/2012,,Y,Y,,Y,,,
,CS,MRI,4688,Updating Other Name in HIM does not propagate properly to other applications,Completed,3,Y,"6.0C, 6.06C, 6.07C, 6.1C, 6.13C, 6.14C",0,"MRI.DRC.rt.focus.file.drc, MRI.PAT.xi.file.hl7.lss",12/30/2014,MRI 149,10/5/2012,,Y,Y,Y,,,,
,CS,MRI,4702,MPM.XI: Mother's and Maiden/Other Name incorrectly removed from MRI with A04,Completed,3,,"6.0C, 6.06C, 6.07C",0,MRI.PAT.xi.file.hl7.lss,12/30/2014,MRI 151,10/28/2012,,Y,Y,Y,,,,
R,CS,MRI,4816,INFCE: MPM Int - Gurantor Use Email and Ins Policy Master Num clearing in HIM,Completed,3,,"6.0C, 6.07C",3,MRI.PAT.xi.file.hl7.lss,12/30/2014,MRI 200,2/12/2013,,Y,Y,Y,,,,
,CS,MRI,4831,Support DDP 16813 - LSS Problem List Connections Update for ICD10 and IMO,Completed,3,Y,"6.0C, 6.07C",1,MRI.PAT.xi.file.hl7.lss,12/30/2014,MRI 171,,,Y,Y,Y,,,,
C,CS,MRI,4884,Insurance detail info should not file to HIM if Other flag in Ins dict is No,Completed,3,,"6.0C, 6.07C, 6.1C, 6.13C, 6.14C",3,MRI.PAT.xi.file.hl7.lss,12/30/2014,MRI 201,5/3/2013,,Y,Y,Y,,,,
,CS,MRI,4922,DR: DrCapture[MRI.PAT.pmm  error in MRI Database,Completed,3,,"6.0C, 6.07C, 6.1C, 6.13C, 6.14C",2,MRI.PAT.xi.query.hl7,12/30/2014,MRI 178,5/25/2013,,Y,Y,,,,,
,CS,MRI,4957,DDP 17240 - Exchange Diagnosis Code with LSS,Completed,3,Y,"6.0C, 6.07C",3,"MRI.PAT.xi.file.hl7.lss, MRI.PAT.xo.format.hl7.lss",12/30/2014,MRI 188,,,Y,Y,Y,,,,
,CS,MRI,5018,Cancelling a completed order from MPM has missing PID detail,Completed,3,,"6.0C, 6.07C",3,MRI.PAT.xi.file.hl7.lss,12/30/2014,MRI 202,10/19/2013,,Y,Y,Y,,,,
,CS,MRI,5180,INFCE: MPM.XI Filer crashes after CS MRI 5048 patched in due to MRM DB closing,Rejected,3,,"6.0R, 6.06R, 6.07R",,,12/30/2014,,,,,,,,,,
,CS,MRI,5315,INFCE: CCD - Send ITI-41 without requiring a PIX or PIF feed,Rejected,3,,"6.07R, 6.13R",,,12/30/2014,,,,,,,Y,,,
,CS,MRI,5329,INFCE: MPM.XI - /NMI.ERR lingers in certain cases with CS MIS 16923 patched in,Rejected,3,,6.07R,,,1/12/2015,,,,,,,,,,
,CS,PHA,8126,PHA: The inbound PHA interface generating invalid error,Completed,3,,"6.0C, 6.07C, 6.1C, 6.13C, 6.14C",1,PHA.INFCE.xi.file.hl7.comp,12/30/2014,PHA 1068,11/20/2010,,Y,Y,,,,,
,CS,PHA,8443,"HCA PWR 31487 - PHA Orders Infce - Add Bottle Type, Soft Stop and Total Volume",Completed,4,,"6.0C, 6.06C, 6.07C",0,"PHA.INFCE.file.out, PHA.INFCE.xo.format.hl7.comp, PHA.PARAM.ee",12/30/2014,PHA 277,,,Y,Y,,,,,
,CS,PHA,9018,"Resub of DTS 8351: Wrong Values sent in ORC field 1 for Pyxis, DDP 13781",Completed,3,,"6.0C, 6.07C, 6.1C, 6.13C, 6.14C",0,PHA.INFCE.xo.format.hl7.comp,12/30/2014,PHA 532,8/9/2011,,Y,Y,,,,,
R,CS,PHA,9516,"Remove ""PYXIS"" check for 'Enable Interface' in PHA",Completed,4,,"6.0C, 6.07C, 6.1C, 6.13C, 6.14C",2,PHA.INFCE.file.in,12/30/2014,PHA 1197,6/3/2012,,Y,Y,,,,,
R,CS,PHA,9565,INFCE: Dosage range information not sent in outbound pharmacy messages,Completed,3,,"6.0C, 6.06C, 6.07C, 6.1C, 6.13C, 6.14C",0,PHA.INFCE.xo.format.hl7.comp,12/30/2014,PHA 766,2/13/2012,,Y,Y,,,,,
,CS,PHA,10054,"INFCE: inbound message only filing "","" as patient's name",Completed,4,,"6.0C, 6.07C, 6.1C, 6.13C, 6.14C",2,PHA.INFCE.xi.file.hl7.comp,12/30/2014,PHA 1308,12/12/2012,,Y,Y,,,,,
,CS,RAD,5079,OV and Imported Reports do not file when Ask Cosign for doctor is B or R,6.1-Rejected,3,,6.12R,,"RAD.RES.xi.file.hl7.comp, RAD.RES.xi.file.report",1/21/2015,,8/20/2010,,,,,,,,
R,CS,RAD,5310,INFCE: Images can file to wrong patient or incorrectly FAIL-READ.,Completed,3,,"6.0C, 6.05C, 6.06C, 6.07C, 6.1C, 6.12C, 6.13C, 6.14C",0,RAD.ORD.xi.file.hl7.comp,12/30/2014,RAD 115,2/4/2011,,Y,Y,,,,,
,CS,RAD,5343,INFCE: ITS Order Filing to Cancelled Order instead of Updated Order,Completed,3,,"6.0C, 6.05C, 6.06C, 6.07C, 6.1C, 6.12C, 6.13C, 6.14C",0,"RAD.ORD.xi.file.hl7.comp, RAD.ORD.xi.file.pacs",12/30/2014,RAD 131,2/26/2011,,Y,Y,,,,,
,CS,RAD,5345,INFCE: Invalid Electronic Signed can file with RAD 4901,Completed,4,,"6.0C, 6.05C, 6.06C, 6.07C, 6.1C, 6.12C, 6.13C, 6.14C",0,RAD.RES.xi.file.hl7.comp,12/30/2014,RAD 133,6/27/2011,,Y,Y,,,,,
,CS,RAD,5381,INFCE: Send formatting characters in OBX for ITS Reports Outbound,Completed,3,,"6.0C, 6.06C, 6.07C, 6.1C, 6.13C, 6.14C",0,RAD.RES.xo.format.hl7.comp,12/30/2014,RAD 363,3/26/2011,,Y,Y,,,,,
,CS,RAD,5393,INFCE: Check for Transcriptionist Mnemonic in User Dictionary for OBR|35,Completed,5,,"6.0C, 6.07C, 6.1C, 6.14C",1,"RAD.RES.xo.format.hl7.comp, RAD.RES.xo.format.hl7.mpm",12/30/2014,RAD 401,1/23/2012,,Y,Y,Y,,,,
,CS,RAD,5455,INFCE: PV1|44 not always populating correctly,Completed,4,,"6.0C, 6.06C, 6.07C, 6.1C, 6.13C, 6.14C",1,"RAD.ORD.xo.format.hl7.comp, RAD.RES.xo.format.hl7.comp",12/30/2014,RAD 419,9/5/2011,,Y,Y,,,,,
,CS,RAD,5516,INFCE: User and Interface Locks for ITS Order Causes Locks for Other ITS INFCE,Completed,3,,"6.0C, 6.05C, 6.06C, 6.07C, 6.1C, 6.13C, 6.14C",0,RAD.RES.xi.file.report,12/30/2014,RAD 189,6/11/2011,,Y,Y,,,,,
,CS,RAD,5583,INFCE: Orders Out - Reason for Exam Query is not sent if it is a multiple,Completed,3,,"6.0C, 6.07C, 6.1C, 6.13C, 6.14C",3,RAD.ORD.xo.format.hl7.comp,12/30/2014,RAD 612,7/17/2011,,Y,Y,,,,,
,CS,RAD,5584,NMI: Reports sent in as draft or pending file over a signed report,Completed,3,,"6.0C, 6.07C, 6.1C, 6.13C, 6.14C",3,RAD.RES.xi.file.report,12/30/2014,RAD 551,7/31/2011,,Y,Y,,,,,
,CS,RAD,5585,Int. Queries: units of measurement not valued correctly,Completed,4,,"6.0C, 6.05C, 6.06C, 6.07C, 6.1C, 6.12C, 6.13C, 6.14C",0,RAD.ORD.xo.format.hl7.comp,12/30/2014,RAD 217,11/20/2011,,Y,Y,,,,,
R,CS,RAD,5608,ITS is sending bounceback messages to PACS for every XO message,Completed,5,,"6.0C, 6.05C, 6.06C, 6.07C, 6.1C, 6.12C, 6.13C, 6.14C",0,RAD.ORD.xi.file.pacs,12/30/2014,RAD 224,5/25/2012,,Y,Y,,,,,
R,CS,RAD,5609,DDP 15703: Discontinue use of CS Symbol table arrays,Completed,3,,"6.0C, 6.05C, 6.06C, 6.07C, 6.1C, 6.13C, 6.14C",0,RAD.RES.xi.file.report,12/30/2014,RAD 225,,,Y,Y,,,,,
,CS,RAD,5616,INFCE: Check OM order number index in ITS for OBR|2,Completed,4,,"6.0C, 6.05C, 6.06C, 6.07C, 6.1C, 6.13C, 6.14C",0,"RAD.ORD.xi.file.hl7.comp, RAD.ORD.xi.file.pacs, RAD.RES.xi.file.hl7.comp",12/30/2014,RAD 229,12/4/2011,,Y,Y,,,,,
,CS,RAD,5622,INFCE: Parent order not populating OBR|19,Completed,4,,"6.0C, 6.06C, 6.07C, 6.1C, 6.13C, 6.14C",1,RAD.ORD.xo.format.hl7.comp,12/30/2014,RAD 402,12/11/2011,,Y,Y,,,,,
,CS,RAD,5629,INFCE: Facility & Message Filer Not Defined for RAD DTS 5343,Completed,3,,"6.0C, 6.05C, 6.06C, 6.07C, 6.1C, 6.12C, 6.13C, 6.14C",0,"RAD.ORD.xi.file.hl7.comp, RAD.ORD.xi.file.pacs",12/30/2014,RAD 232,8/15/2011,,Y,Y,,,,,
,CS,RAD,5721,INFCE: IF RAD.RES.final.status is draft only allow draft and pending status,Completed,4,,"6.0C, 6.07C, 6.1C, 6.13C, 6.14C",3,RAD.RES.xi.file.report,12/30/2014,RAD 552,2/27/2012,,Y,Y,,,,,
R,CS,RAD,5819,INFCE: Image Updates In - Should not check HL7 ver when looking for order num,Completed,3,,"6.0C, 6.07C, 6.1C, 6.13C, 6.14C",2,RAD.ORD.xi.file.hl7.comp,12/30/2014,RAD 531,1/7/2012,,Y,Y,,,,,
,CS,RAD,5837,INFCE: OBR|31 Reasons for Exam Missing from ITS Results Outbound Msg,Completed,3,,"6.0C, 6.07C, 6.1C, 6.13C, 6.14C",2,RAD.RES.xo.format.hl7.comp,12/30/2014,RAD 483,1/20/2012,,Y,Y,,,,,
,CS,RAD,5845,INFCE - RAD Results Report Text in OBX segments is being split incorrectly,Completed,4,,"6.0C, 6.07C, 6.1C, 6.13C, 6.14C",2,"RAD.RES.xo.format.hl7.comp, RAD.RES.xo.format.hl7.maestro, RAD.RES.xo.format.hl7.mpm",12/30/2014,RAD 484,5/29/2012,,Y,Y,Y,,,,
,CS,RAD,5920,INFCE: Outbound ITS Orders/Results send Other Doc instead of Ref Doc for PV1|8,Completed,3,Y,"6.0C, 6.07C, 6.1C, 6.13C, 6.14C",2,"RAD.ORD.xo.format.hl7.comp, RAD.RES.xo.format.hl7.comp, RAD.RES.xo.format.hl7.maestro, RAD.RES.xo.format.hl7.mpm",12/30/2014,RAD 485,3/23/2012,,Y,Y,Y,,,,
,CS,RAD,5958,"INFCE: TXA|17 must file report status as ""Draft"" not ""D"". Mimic OBR|25 filing.",Completed,3,,"6.0C, 6.07C, 6.1C, 6.13C, 6.14C",2,RAD.RES.xi.file.hl7.comp,12/30/2014,RAD 532,4/16/2012,,Y,Y,,,,,
,CS,RAD,5975,INFCE: Inbound ITS Reports accepting Inactive Providers in OBR-32 and 33,Completed,3,,"6.0C, 6.07C, 6.1C, 6.13C, 6.14C",3,RAD.RES.xi.file.report,12/30/2014,RAD 553,5/21/2012,,Y,Y,,,,,
,CS,RAD,5997,INFCE: Move Elec Sig check from OBR|33.1.2 to OBR|33.2.1,Completed,4,,"6.0C, 6.07C, 6.1C, 6.13C, 6.14C",2,RAD.RES.xi.file.hl7.comp,12/30/2014,RAD 533,9/22/2012,,Y,Y,,,,,
,CS,RAD,6044,INFCE: Check for external order number for inbound PACS messages,Completed,4,,"6.0C, 6.07C, 6.1C, 6.13C, 6.14C",2,"RAD.ORD.xi.file.hl7.comp, RAD.ORD.xi.file.pacs",12/30/2014,RAD 534,10/24/2012,,Y,Y,,,,,
,CS,RAD,6052,INFCE: HL7 version may not be set up correctly for RAD Inbound,Completed,4,,"6.0C, 6.07C, 6.1C, 6.13C, 6.14C",2,"RAD.ORD.xi.file.hl7.comp, RAD.RES.xi.file.hl7.comp",12/30/2014,RAD 535,10/24/2012,,Y,Y,,,,,
C,CS,RAD,6151,MPM Integration: RAD Results not filing to APR properly,Completed,1,,"6.0C, 6.05C, 6.06C, 6.07C",0,RAD.RES.xo.format.hl7.mpm,12/30/2014,RAD 348,7/1/2012,,Y,Y,Y,,,,
,CS,RAD,6158,RAD Orders In: Issues with Cancelling and Accession Number creation,Completed,3,Y,"6.0C, 6.07C, 6.1C, 6.13C, 6.14C",2,"RAD.ORD.xi.file, RAD.ORD.xi.file.hl7.comp",12/30/2014,RAD 536,9/15/2012,,Y,Y,,,,,
,CS,RAD,6244,INFCE: Transcription time incorrect when filing result addendums,Completed,3,,"6.0C, 6.07C, 6.1C, 6.13C, 6.14C",3,RAD.RES.xi.file.report,12/30/2014,RAD 554,11/25/2012,,Y,Y,,,,,
,CS,RAD,6288,"INFCE: Inbound Orders not cancelling, OBR|3",Completed,4,,"6.0C, 6.07C, 6.1C, 6.13C, 6.14C",2,RAD.ORD.xi.file.hl7.comp,12/30/2014,RAD 537,4/29/2013,,Y,Y,,,,,
,CS,RAD,6390,CDA: CCD source and document identifiers should not pass to ITS and EMR,Completed,3,,"6.0C, 6.07C, 6.1C, 6.13C, 6.14C",1,RAD.RES.xi.file.report.hl7.v3.ehr,12/30/2014,RAD 473,4/7/2013,,Y,Y,,Y,,,
,CS,RAD,6399,CCR: Result Normal Range not included in ITS Report,Completed,3,,"6.0C, 6.07C, 6.1C, 6.13C, 6.14C",1,RAD.RES.xi.file.report.hl7.v3.ehr,12/30/2014,RAD 474,4/12/2013,,Y,Y,,Y,,,
,CS,RAD,6533,INFCE: CS RAD 6137--Accession ID replaces OV ORD ID in OBR|2 for PACS RES OUT,Completed,4,,"6.0C, 6.07C, 6.1C, 6.13C, 6.14C",3,RAD.RES.xo.format.hl7.comp,12/30/2014,RAD 559,12/9/2013,,Y,Y,,,,,
,CS,SCH,12329,SCH: S14 Message generating for an edited Pending Appointment,Completed,3,,"6.0C, 6.06C, 6.07C",1,SCH.APPT.xo.format.hl7.lss,12/30/2014,SCH 1079,9/1/2012,,Y,Y,Y,,,,
,CS,UNV,851,"Master files interface: record level event code should be in MFE.1, not MFE.2",Completed,3,,"6.0C, 6.06C, 6.07C, 6.1C, 6.13C, 6.14C",0,UNV.USER.xo.format.hl7.comp,12/30/2014,UNV 36,7/14/2012,,Y,Y,,,,,
,FOC,HIM,3119,EMPI Out incorrectly sending PID|3 as multi comp instead of multi repeat,Completed,3,Y,"6.0C, 6.07C, 6.1C, 6.13C, 6.14C",3,HimRec.XoFormat.RecordsHl7.C,12/30/2014,HIM 939,,,,,,,,,
,FOC,HIM,3146,EMPI Active interface can send QRD|8 and QRD|9 incorrect for US sites,Completed,3,,"6.0C, 6.07C, 6.1C, 6.13C, 6.14C",3,HimRec.XoQueryHl7.P,12/30/2014,HIM 956,8/16/2013,,,,,,,,
,FOC,MIS,3858,IMM INFCE: Incorrect values showing in Manage Outbox Display,Completed,4,,"6.0C, 6.05C, 6.06C, 6.07C, 6.1C, 6.13C, 6.14C",0,MisXoConn.FormatImmunHl7.P,12/30/2014,MIS 472,1/22/2012,,,,,,Y,,
R,FOC,MIS,4328,INFCE: Immunizations - unable to use multiple interfaces per facility,Completed,3,Y,"6.0C, 6.05C, 6.06C, 6.07C, 6.1C, 6.13C, 6.14C",0,MisXoConn.FormatImmunHl7.P,12/30/2014,MIS 681,2/11/2012,,,,,,Y,,
,FOC,MIS,4461,If M-AT msg is a malformed list then it will Fail-Read with empty message ERR,Completed,4,,"6.0C, 6.05C, 6.06C, 6.07C, 6.1C, 6.12C, 6.13C, 6.14C",0,MisXiConn.FilerFolderDriver.P,12/30/2014,MIS 721,7/30/2012,,,,,,,,
,FOC,MIS,4754,Add Warning Message when Reprocessing Messages,Completed,3,,"6.0C, 6.06C, 6.07C, 6.1C, 6.13C, 6.14C",0,"MisXiMsgQueue.Copy.K, MisXiMsgQueue.Reprocess.K, MisXoMsgQueue.Copy.K",12/30/2014,MIS 810,7/14/2012,,,,,,,,
,FOC,MIS,4993,INFCE: Inbound Provider Updates PRA|5 not filing multi-field value,Completed,3,,"6.0C, 6.07C, 6.1C, 6.13C, 6.14C",1,MisPerson.XiFilerHl7.P,12/30/2014,MIS 1147,,,,,,,,,
,FOC,MIS,5069,INFCE: Immunizations - Second Address Line Overwritten if Blank in NK1 Segment,Completed,3,Y,"6.0C, 6.06C, 6.07C, 6.1C, 6.13C, 6.14C",1,"MisXoConn.RecordsHl7.C, MisXoConn.RecordsImmunHl7.C",12/30/2014,MIS 1015,11/13/2012,,,,,,,,
,FOC,MIS,5138,Add SSL support to Outbox,Completed,3,Y,"6.0C, 6.06C, 6.07C, 6.1C, 6.13C, 6.14C",1,"MisXoConn.Mgmt.Detail.R, MisXoConn.Mgmt.S, MisXoDelSvc.DelHl7Mp.P",12/30/2014,MIS 1003,12/18/2012,,,,,,,,
,FOC,MIS,5244,DDP 16936: ARRA - Stage 2 (Final Rule): Interoperability - Immunizations,Completed,3,Y,"6.0C, 6.07C, 6.1C, 6.13C, 6.14C",1,"MisEhrParam.Mgmt.Detail.R, MisEhrParam.Mgmt.S, MisXoConn.FormatImmunHl7.P, MisXoConn.RecordsImmunHl7.C",12/30/2014,MIS 1125,,,,,,,Y,,
,FOC,MIS,5318,Interface mapping:  move menu to customer-accessible branch on the tree,Completed,3,Y,"6.0C, 6.07C, 6.1C, 6.13C, 6.14C",1,~.CommDictMenu,12/30/2014,MIS 1069,2/12/2013,,,,,,,,
,FOC,MIS,5319,Nomenclature IMO Lookup is crashing when the get call times out,Completed,3,,"6.0C, 6.07C, 6.1C, 6.13C, 6.14C",1,MisNomenclatureMap.XoSearchOv.C,12/30/2014,MIS 1068,2/9/2013,,,,,,,,
,FOC,MIS,5402,INFCE: Additonal fields need to file for inbound Provider HL7 to MT,Completed,3,,"6.0C, 6.07C, 6.1C, 6.13C, 6.14C",2,"MisPerson.XiFilerHl7.D, MisPerson.XiFilerHl7.P",12/30/2014,MIS 1390,5/16/2013,,,,,,,,
,FOC,MIS,5440,CDA/CCR manual import:  utility needs to recognize CCRs,Completed,3,,"6.0C, 6.07C, 6.1C, 6.13C, 6.14C",1,MisXmlUtil.CdaCheck.P,12/30/2014,MIS 1219,,,,,,Y,,,
,FOC,MIS,5538,Incorrectly edited M-AT Messages can crash Connections,Completed,3,,"6.0C, 6.07C, 6.1C, 6.13C, 6.14C",2,"MisXiMsgQueue.Edit.K, MisXoMsgQueue.Edit.K",12/30/2014,MIS 1274,3/21/2013,,,,,,,,
,FOC,MIS,5603,Outbox Conn. Undefined Event Category causes MIS Monitor Bkg Jobs to Crash,Completed,3,,"6.0C, 6.07C, 6.1C, 6.13C, 6.14C",2,MisXoConn.Mgmt.S,12/30/2014,MIS 1292,4/18/2013,,,,,,,,
,FOC,MIS,5617,INFCE: Outbox Connetion Wizard add EMPI ACTIVE Component,Completed,3,,"6.0C, 6.07C, 6.1C, 6.13C, 6.14C",2,MisXoConn.InitConnections.S,12/30/2014,MIS 1346,4/18/2013,,,,,,,,
,FOC,MIS,5730,M-AT inbox can crash if invalid OID is sent from OV,Completed,3,,"6.0C, 6.07C, 6.1C, 6.13C, 6.14C",3,MisXiConn.FilerFolderDriver.P,12/30/2014,MIS 1415,6/20/2013,,,,,,,,
,FOC,MIS,5786,IMMUN Interface formatting issues,Completed,3,,"6.0C, 6.07C, 6.1C, 6.13C, 6.14C",3,"MisXoConn.FormatImmunHl7.P, MisXoConn.RecordsImmunHl7.C",12/30/2014,MIS 1484,6/20/2013,,,,,,Y,,
,FOC,MIS,5802,EMPI Query Wizard incorrectly hardcodes Canadian version for US sites,Completed,3,,"6.0C, 6.07C, 6.1C, 6.13C, 6.14C",2,MisXoConn.InitConnections.S,12/30/2014,MIS 1410,6/20/2013,,,,,,,,
,FOC,MIS,5858,MIS Provider - Ins Pins not filing to Person correctly,Completed,3,,"6.0C, 6.07C, 6.1C, 6.13C, 6.14C",3,MisPerson.XiFilerHl7.P,12/30/2014,MIS 1427,6/20/2013,,,,,,,,
,FOC,MIS,5862,Immunizations: Issue with PID-13 phone numbers/email address,Completed,3,,"6.0C, 6.07C, 6.1C, 6.13C, 6.14C",3,MisXoConn.RecordsImmunHl7.C,12/30/2014,MIS 1485,,,,,,,,,
,FOC,MIS,5916,Immunizations: Add Value Set mapping for certain fields,Completed,3,Y,"6.0C, 6.07C, 6.1C, 6.13C, 6.14C",3,"MisXoConn.FormatImmunHl7.P, MisXoConn.RecordsImmunHl7.C",12/30/2014,MIS 1486,7/18/2013,,,,,,Y,,
,FOC,MIS,5937,EDI 270: Outbox Message view unable to display CRLF,Completed,3,,"6.0C, 6.07C, 6.1C, 6.13C, 6.14C",3,"MisXoMsgQueue.Copy.K, MisXoMsgQueue.View.K",12/30/2014,MIS 1481,7/18/2013,,,,,,,,
,FOC,MIS,6012,Manage Inbox stacked screens crash when single line too long,Completed,3,,"6.0C, 6.07C, 6.1C, 6.13C, 6.14C",3,"MisXiMsgQueue.Copy.K, MisXiMsgQueue.Reject.K, MisXiMsgQueue.Reprocess.K, MisXiMsgQueue.View.K, MisXoMsgQueue.Copy.K, MisXoMsgQueue.View.K",12/30/2014,MIS 1532,,,,,,,,,
,FOC,MIS,6283,CDA/CCR detection utility too strict,Completed,3,,"6.0C, 6.07C, 6.1C, 6.13C, 6.14C",3,MisXmlUtil.CdaCheck.P,12/30/2014,MIS 1619,,,,,,Y,,,
,FOC,MIS,6303,INFCE - No wizard to set up 6.1 CCD ADT connection,6.1-Reclass,3,Y,"6.1r, 6.13r, 6.14r",,"MisXoConn.InitConnections.AskAdtNumFeeds.K, MisXoConn.InitConnections.D, MisXoConn.InitConnections.S",1/21/2015,,,,,,,Y,,,
,FOC,MIS,7248,Syndromic Surveillance Blood Pressure Query Not Always Sent,6.1-Reclass,3,,"6.1r, 6.13r, 6.14r, 6.15r",,,1/21/2015,,9/18/2014,,,,,,Y,,
,FOC,MIS,7617,INFCE: Immunizations - Component 9 of Provider should depend on component 1,Rejected,3,,6.07R,,,12/30/2014,,2/19/2015,,,,,,Y,,
C,FOC,OM,4768,OM to OV INFCE: ROL segment should be before AL1 segment,Completed,4,,"6.0C, 6.05C, 6.06C, 6.07C, 6.1C, 6.12C, 6.13C, 6.14C",0,OmOrd.XoFormatEvent.OmOrdOv.P,12/30/2014,OM 953,5/15/2012,,,,,,,,
,FOC,OM,4769,OM INFCE to OV - Segments sent incorrectly in HL7 message,Completed,3,,"6.0C, 6.05C, 6.06C, 6.07C, 6.1C, 6.12C, 6.13C, 6.14C",0,"OmOrd.XoFormat.Locals.I, OmOrd.XoFormat.RecordsHl7.C",12/30/2014,OM 954,1/16/2012,,,,,,,,
,FOC,OM,4780,OM to OV INFCE: Edits to Orders not sent outbound,Completed,3,,"6.0C, 6.05C, 6.06C, 6.07C, 6.1C, 6.12C, 6.13C, 6.14C",0,OmOrd.XoFormat.RecordsHl7.C,12/30/2014,OM 960,3/18/2012,,,,,,,,
,FOC,OM,5134,OM to OV - Diet Stop Date/Time not populating HL7,Completed,4,,"6.0C, 6.05C, 6.06C, 6.07C, 6.1C, 6.12C, 6.13C, 6.14C",0,OmOrd.XoFormat.RecordsHl7.C,12/30/2014,OM 1071,8/11/2012,,,,,,,,
,FOC,OM,5735,INFCE: Send OM Standard Fields as NTE segments to OV,Completed,4,,"6.0C, 6.06C, 6.07C, 6.1C, 6.13C, 6.14C",1,OmOrd.XoFormat.RecordsHl7.C,12/30/2014,OM 1353,2/2/2013,,,,,,,,
,FOC,OM,6120,OM ORD TO OV: Consulting Providers not sent in message,Completed,3,,"6.0C, 6.06C, 6.07C, 6.1C, 6.13C, 6.14C",1,OmOrd.XoFormat.RecordsHl7.C,12/30/2014,OM 1366,4/2/2013,,,,,,,,
,FOC,OM,6421,OM ORD OUT - ORC|25 populating with repeats insted of components,Completed,3,,"6.0C, 6.07C, 6.1C, 6.13C, 6.14C",2,OmOrd.XoFormat.RecordsHl7.C,12/30/2014,OM 1530,5/25/2013,,,,,,,,
,FOC,OM,6535,INFCE: Character limit DRU|1.3 to 11 characters,Completed,3,,"6.0C, 6.07C, 6.1C, 6.13C, 6.14C",2,OmOrd.XoFormat.RecordsErx.C,12/30/2014,OM 1648,7/16/2013,,,,,,,,
,FOC,REG,2032,REG ADT IN: Can not delete insurances from the interface,6.1-Rejected,3,,"6.1R, 6.12R",,,1/21/2015,,,,,,,,,,
,FOC,REG,3030,"INFCE: NK1.10, 13, 34 and IN1.8,9,12,36 do not generate on REGADT",6.1-Reclass,3,,6.13r,,,1/21/2015,,,,,,,,,,
,FOC,REG,3852,INFCE - Send additional information in outbound REG ADT messages (6.1),6.1-Rejected,3,,"6.1R, 6.13R, 6.14R, 6.15R",,,1/21/2015,,11/20/2014,,,,,,,,
,FOC,REG,3853,INFCE - File additional information via inbound REG ADT connection (6.1),6.1-Rejected,3,,6.13R,,,1/21/2015,,,,,,,,,,
,FOC,REG,3944,INFCE - Changes to allow per-field suppression of PID segments for MU2,6.1-Rejected,3,,6.13R,,,1/21/2015,,,,,,,,Y,,
,FOC,REG,4130,OV ADT OUT - Utilize HL7 Provider ID Type parameter,6.1-Rejected,3,,"6.1R, 6.14R, 6.15R",,,1/21/2015,,,,,,,,,,